031,1
1,35
10,9
100,5
1000,1
1027kiisfm,3
1050pm,1
109,2
109c,1
10pm,2
10th,1
11,6
1159pm,1
12,3
1231,1
1287,1
13,16
13daystil1989worldtour,1
13s,2
13th,10
13‚Ä¶,1
14,1
14000,1
142,1
15,2
15000,1
17,1
17000,1
18th,1
1950s,2
1975,1
1989,61
1989lyrics,16
1989secretsessions,16
1989tourarlington,1
1989touratlanta,1
1989tourbossiercity,1
1989tourcharlotte,2
1989tourchicago,3
1989tourcleveland,2
1989tourcologne,3
1989tourdetroit,5
1989toureastrutherford,3
1989tourfoxborough,2
1989tourgreensboro,2
1989tourhouston,3
1989tourindy,1
1989tourla,5
1989tourlexington,1
1989tourlosangeles,2
1989tourlouisville,2
1989tournashville,5
1989tourottawa,1
1989tourphilly,4
1989tourpittsburgh,4
1989tourraleigh,2
1989toursandiego,2
1989toursantaclara,1
1989tourstlouis,2
1989tourstpaul,1
1989tourtampa,2
1989tourtokyo,2
1989tourtoronto,1
1989tourwashingtondc,1
1989worldtour,5
1989worldtourlive,4
1993,1
1994,1
1daytil1989worldtour,1
1future,1
1hourtil1989,1
1monthtil1989,1
1pm,1
1s,1
1st,1
2,35
20,2
20000,2
2002,2
2005,2
2008,1
2009,1
2011,1
2013,3
2014,4
2015,4
2016,1
208,1
20daystil1989worldtour,1
21,1
21st,1
22,11
22nd,1
23,2
23rd,3
24,7
241,1
24hrvevorecord,3
24th,2
24yearold,1
25,2
25th,1
26,1
26000,1
26th,1
27,1
2am,2
2daystil1989,1
2nd,1
2pm,1
3,20
30,3
300,1
30daystil1989worldtour,1
31,2
316,1
31st,1
35,1
375,1
38,1
3am,1
3daystil1989worldtour,1
3hourstil1989,1
3hourstiloutofthewoods,1
3rd,3
4,9
40,4
40daystil1989worldtour,1
43,1
430,1
430pm,1
440,1
45,2
4kingandcountry,1
4th,7
5,15
50,3
500,1
50000,4
52000,2
55000,3
5am,1
5daystil1989,1
5th,3
6,8
60,3
60000,5
60s,1
622,1
63,1
65,1
650k,1
66,1
6daystil1989,1
6th,2
6yearold,1
7,9
70,1
749,1
75,1
753,1
754,1
76000,1
79,1
7am,3
7et6,1
7pm,2
7th,1
7yrold,1
8,6
80,1
80000,1
8001000,1
810,1
85,1
87c,1
87ct,1
89,1
8daystil1989,1
8et,1
8pm,4
8th,1
9,6
923,1
98c,1
9am,1
9phunter,1
9pm,5
9th,1
a,444
abc,7
abc2020,2
abcnetwork,3
abe,2
abiander,11
abigail,3
abigaillaurens,1
able,4
about,120
abraham,1
abruptly,1
abs,1
absolute,3
absolutely,9
academy,2
accent,1
accents,1
accept,1
accepted,1
accessory,1
accompany,1
accordingly,1
accurately,1
accusing,1
ace,1
achieved,1
acknowledge,1
acm,1
acmawards,2
acms,4
acoustic,1
across,1
act,2
action,2
activities,2
activity,1
actoractress,1
actress,2
actual,1
actually,13
ad,1
added,1
addiction,1
adds,1
adelaide,2
adkins,2
admit,1
adorable,7
adorableentertaining,1
adorableness,2
adore,7
ads,1
adventure,1
adventures,1
advice,1
advised,1
advisor,1
aerosmith,1
affair,1
affected,1
after,23
afternoon,3
afterparty,1
again,21
against,1
again‚Ä¶,2
ago,11
agree,1
agreed,1
ahahaha,1
ahead,2
ahh,1
ahhh,1
ahhhh,2
ahhhhh,1
ahhhhhh,1
ahhhhhhh,1
ahhhhhhhhhhhhh,1
ahhhjhhhhhffhkytf,1
aids,1
air,3
airing,1
airplane,1
airplanes,1
airport,5
airs,6
aisle,1
aka,4
alanis,1
alarm,1
album,21
albumred,1
albums,1
albums‚Ä¶,1
album‚Äù,1
alert,2
alessiacara,4
alexandergold,1
alien,1
alison,1
alisonkrauss,1
alive,4
all,115
allergic,1
allianz,1
alllll,1
allow,2
allthetime,1
alltime,1
all‚Ä¶,1
almost,2
alone,3
along,6
alongside,1
already,8
alreadystressful,1
alright,2
als,1
also,21
alterations,1
always,25
aly,1
alyraisman,1
am,22
ama,4
amandacleghorn,1
amandygriffith,2
amareisreal,1
amas,7
amas2014,1
amazing,44
ambassador,1
ambassadors,1
amber,1
america,7
american,4
americanexpress,1
among,1
amosjheller,2
amosjhellers,1
amount,2
amounts,1
amp,26
ampcat,1
ampdreaming,1
ampfittings,1
amplified,1
amprealized,1
amsterdam,1
an,48
and,590
anddddd,1
andistoodtherelovingyou,1
andrejapejic,1
andy,1
andycohen,1
andygrammer,2
and‚Ä¶,4
angel,1
angelcandice,3
angeles,2
animal,3
anniversary,2
annnnddddd,1
announce,3
announced,1
announcement,1
annoying,2
another,8
answer,2
answering,1
anthem,2
anthonymandler,2
antonio,1
antonoff,2
antonoff‚Å∞produced,1
anxiously,1
any,11
anymore,1
anyone,5
anything,8
anyway,1
apart,1
apartment,3
apologizes,1
app,1
apparel,1
apparent,1
apparently,2
appear,1
apple,5
applemusic,6
appreciate,1
approval,1
arden,1
are,119
arena,5
arenas,1
arent,1
aretha,1
ari,1
arianagrande,2
arias,3
arizona,1
arms,2
around,22
aroundlt3,1
arrived,1
arsyn,2
article,3
artist,7
artists,3
as,54
asha,1
ashavignone,3
ashley,1
ashleymgreene,1
ask,1
asked,2
asking,4
asktaylor,1
asleep,1
asos,1
assassins,1
astounded,1
astounding,1
astute,1
as‚Ä¶,1
at,183
ate,4
atl,1
atlanta,7
atown,1
att,1
attacks,1
attendance,1
attending,1
attention,1
auckland,3
audience,1
audrey,1
aussie,1
austin,8
austinmahone,3
austins,1
austinswift7,14
australia,7
automobile,1
autumn,1
available,6
average,1
avrillavigne,1
aw,1
award,10
awards,25
awardyou,1
aware,1
away,9
awesome,13
awkward,1
awww,1
awüòÜüíÉüéâ‚Äúperezhilton,1
az,2
b,1
baabe,1
babe,2
babes,1
baby,15
babyhaim,2
babyhaimso,1
bachman,1
back,50
background,2
backstage,23
backthat,1
backwards,1
bad,21
badbloodmusicvideo,28
badly,1
baethany,1
baez,1
bags,1
baileemadison,1
baked,2
bakery,1
baking,2
balcony,1
ball,6
ballet,1
balloons,2
band,9
bang,1
bangs,1
banner,1
banners,1
barbara,1
bare,1
barista,1
bark,1
bars,1
based,1
basically,4
basis,1
bathing,2
bathroom,1
baton,2
battle,3
battles,1
bawse‚Äù,1
bbcr1,5
bc,1
bday,1
bdayyyy,1
be,131
beach,5
beaches,1
bear,1
bears,1
beat,2
beats1,1
beautiful,37
became,2
because,23
beck,2
bed,3
bedwas,1
been,33
beeprinsloo,2
before,16
began,1
begin,5
beginning,2
behavior,1
behbee,1
behind,6
behindthescenes,1
behold,2
being,25
beings,1
believe,17
belk,1
bell,1
belong,1
belongs,1
belvoirst,1
benson,3
berlin,2
best,47
bestbirthdayever,1
bet,2
bethanymota,1
better,9
between,1
bev,1
beyonce,2
beyonc√©,1
beyond,2
bf,1
bff,1
bffs,4
big,14
biggest,4
bigweekend,2
bill,1
billboard,11
billboardcom,1
billboardmusicawards,1
billboards,4
billion,1
bird,1
birthday,50
birthplace,1
bit,1
black,4
blame,1
blaming,1
blank,7
blanket,2
blankspace,2
blankspaceexperience,1
blankspacemusicvideo,1
blast,1
blasting,2
bleachella,1
bleeding,1
blew,1
block,1
blog,4
blood,14
blow,2
blown,3
blows,2
blue,7
blvd,3
bmi,1
board,1
boat,1
bob,1
bobatl,4
bobatls,1
body,1
bold,2
bomb,1
bombing,1
bon,1
bond,2
bonus,5
book,2
boomclap,1
booth,1
bored,2
born,2
bossier,2
boston,6
both,9
bothered,1
bottle,1
bought,5
bouncy,1
bout,1
bowl,3
bows,1
box,1
boy,5
boyfriend,1
boyfriends,1
boys,5
brainstorming,1
brand,3
brave,2
bravowwhl,1
brazil,2
brb,1
bread,1
break,2
breakeven,1
breakfast,1
breaking,1
breathe,1
breathless,1
breathtaking,4
brianmansfield,1
brick,1
bricks,1
bridesmaids,1
bright,2
brighter,1
brilliant,3
bring,2
bringing,1
brisbane,2
brit,3
britany,1
britawards,4
britishvogue,1
britmaack,6
brits,1
brits2013,1
brittsepe,1
broadway,1
broke,2
broken,3
brooklyn,1
bros,1
brother,1
brotherand,1
brought,7
bruce,2
bruno,1
brush,1
bubble,1
bubbles,3
bucket,1
buckwheat,1
buddies,1
buddy,4
buffalo,1
build,2
built,2
bull,1
bulletproof,1
bunch,3
burning,1
bus,2
bush,1
business,2
busy,7
but,54
butler,1
butterfly,1
buttslap,1
buy,6
buying,4
by,45
bye,3
b√∏rns,1
caa1317,1
caaaaaaaash,1
cabaret,1
cabinet,1
cackling,1
cafe,2
cait,2
caitlinbird,8
caitlinbirds,1
cake,3
calebnatale,1
california,2
call,10
called,13
callin,1
calls,1
calm,5
came,35
cameos,1
camera,4
camila,1
camilacabello97,3
camilluddington,1
can,39
canadian,1
canceled,1
cancelled,1
cancels,1
cancer,3
candice,1
candles,1
candy,6
cannes,1
cannot,8
cant,58
cape,1
capitalofficial,1
capitalofficials,1
capitalstb,3
caps,4
caption,1
captionlooking,1
capture,1
car,10
cara,1
caradelevingne,12
cardboard,1
care,5
caring,1
carly,2
carlysimonhq,1
carolina,4
carousel,1
carpet,4
carrying,1
case,4
caseyjames,1
cash,1
castle,3
castüé∂üì∫üåü,1
casual,5
casually,6
cat,18
catalina,1
catastrophe,3
catch,1
catching,1
category,1
catfishmtv,1
catrelated,1
cats,11
catsit,1
cattricks,1
catwalk,1
cauetofficiel,1
caught,1
cause,18
caused,1
cbs,7
cd,3
cdhenderson,3
cdhendersons,1
cdt,1
celebrate,11
celebrated,1
celebrating,4
celebration,2
celebratory,3
center,4
central,9
cereal,1
certain,1
certainly,1
chai,1
challenge,1
champion,1
chance,4
change,9
changed,6
changes,1
changing,3
chanting,2
chapter,2
character,2
characters,1
charities,1
charleston,3
charliewalk,1
charlixcx,1
charlotte,2
charming,2
chasing,2
chat,2
check,20
checked,1
checking,3
cheeks,2
cheeky,1
cheer,2
cheerleader,1
cheerleaders,1
cheeseburgers,1
cheetah,1
chef,1
chefanneburrell,1
chembros,1
cherished,1
cherlloyd,3
cherry,1
chesney,1
chet,1
chewbaccas,1
cheyenne,1
chicago,3
chicks,1
childhood,1
children,2
chill,4
chillin,2
chinese,2
chip,1
chips,1
chocolate,3
choice,12
chomping,1
choosing,1
chopsticks,1
choreograph,1
choreography,2
chorus,1
chose,1
chris,1
chriscarrabba,3
chrisrock,1
chrisstapleton,2
chrissy,1
christina,1
christmas,27
chucker,2
ciara,1
cindycrawford,2
cinnaminson,1
cinnamon,2
circus,1
citiesin,1
city,10
citywinerynsh,1
civil,1
clairecallaway,1
clairecallaway2,1
clairewinters,1
clapped,1
clare,2
clareypoppin,1
clarify,2
clarkson,2
class,1
classic,3
classroom,2
classy,1
claws,1
clean,2
cleaned,1
cleaningup,1
clear,4
clearly,3
cleese,1
cleveland,2
click,1
cliffs,1
climbing,1
clip,2
clipped,1
clips,3
close,5
closer,1
closest,1
closet,1
clothes,1
cloudless,1
clown,1
clue,1
cluuuuue,1
cma,10
cmaawards,2
cmaredcarpet,1
cmas,5
cmt,8
cmtaoty,1
cmtcom,1
co,1
coaches,1
coastal,1
coat,1
coats,1
code,2
coffee,2
cohosting,1
coke,2
colbert,1
colbiecaillat,1
cold,5
coldplay,5
collage,1
college,2
cologne,3
color,4
coloradao,1
colored,1
coloring,3
columbia,1
columbus,2
columbusabout,1
columbuszoo,1
colvin,1
combination,1
combo,1
come,25
comedy,1
comes,12
comfortable,1
comforting,1
coming,15
comments,1
commercial,8
competition,1
complaints,1
completely,4
complicated,1
comprehend,1
concert,9
concerts,1
concluded,1
condition,1
confetti,2
confettibombed,1
conflicting,1
confused,1
confusion,1
congrats,4
congratulations,3
considering,2
constant,1
constantly,2
contact,1
contactsturns,1
contagious,1
contains,1
continue,2
control,2
conversation,1
conversations,1
conviction,1
convince,3
convulsively,1
cooked,1
cookie,2
cookies,3
cooking,3
cool,21
cooler,1
coolest,5
coordination,1
copies,1
copy,2
corn,1
corner,1
corpse,1
correct,4
correctly,1
costarring,1
costume,2
costumes,4
couch,2
cougar,1
coughs,1
could,15
couldnt,6
couldve,2
countdown,1
counting,3
countries,1
country,9
counts,1
courage,1
course,1
cousin,1
cousins,2
cover,14
covered,3
covering,1
covers,5
coverthis,1
cowboys,2
crack,1
cracking,1
crafty,1
crayons,1
crazy,16
creamers,1
created,1
creating,1
creation,1
creations,1
creatures,1
credit,7
crepes,1
crew,1
cries,2
crime,2
criminal,1
crimson,2
crisp,1
critters,1
croissants,1
crooked,2
crowd,76
crowds,12
crowns,1
cruel,1
cruise,1
crush,1
cry,2
cryin,1
crying,10
crystal,1
ct,1
cuddling,1
cummings,1
cup,1
cupcakemaking,1
cure,1
currently,2
curse,2
curt,1
custom,1
cut,2
cute,5
cuteness,1
cuter,3
cutest,2
cuties,2
cutout,1
cutthroat,2
cutting,1
cyberstalk,2
cynthiamcfadden,1
d8caitlynn,1
d8clarice,2
d8ricky,1
da,1
daaaahncing,1
dad,14
dads,2
daily,2
dailynarnia,1
dairy,1
dakotahrae,1
dallas,6
dan,1
dance,17
dancebomb,1
danced,3
dancer,3
dancers,3
dancing,15
dancingabc,2
dancy,6
dangerusswilson,1
danny,2
dano,1
danreynolds,2
darius,1
dark,10
darken,1
darling,2
das,2
date,4
dates,1
dating,1
daughter,1
daughter‚Ä¶,1
davemills85,1
david,2
davidcookmusic,1
day,65
daydream,2
dayeven,1
daylight,1
daymade,1
days,27
dayyyyy,1
dc,5
dcim,1
ddlovatos,1
de,2
dead,2
deafeningly,1
deal,3
dealing,2
dean,2
dear,3
debate,1
debut,1
debuting,1
debuts,2
dec,2
decades,1
december,7
decide,2
decided,6
decisions,1
decor,1
deeper,1
deeply,1
deere,1
definitely,5
deluxe,2
demonstrate,2
demonstrating,1
denver,3
depicting,1
depicts,1
derekhough,1
des,1
describing,1
desert,1
designer,1
destructa,2
details,1
detectives,1
detroit,7
devastating,1
development,1
devoted,1
diannaagron,2
diannaagrons,1
did,25
didnt,7
die,1
diego,4
dierksbentley,1
diet,2
different,4
dilemma,3
dimensions,1
dinner,2
dinos,1
directed,6
direction,1
directly,1
director,1
dis,1
disbelief,1
discovered,1
discovering,1
discovery,1
discuss,1
discussing,1
disney,1
displays,1
distressed,1
dixie,2
dm,1
do,17
documentary,3
does,6
dog,3
dogs,1
doin,1
doing,13
doll,1
dollars,1
dome,1
domino,3
domsherwood1,1
done,6
dont,22
donuts,5
door,1
dorky,1
dough,1
down,26
download,1
downloads,1
downtown,1
dr,2
dragon,1
drake,2
drakevsbenchpress,1
drama,1
drawer,1
dream,12
dreamed,4
dreamlike,1
dreams,10
dreamsthank,1
dress,9
dressed,6
dressing,18
drew,2
drill,2
drink,1
drinking,1
drinks,1
drive,1
drives,1
driving,6
drones,1
drop,2
dropped,2
dropping,1
drops,1
drove,1
drowning,1
dublin,1
dude,1
due,1
duff,1
dumber,2
dunn,1
duo,1
during,12
dvds,1
dwts,1
dwyanewade,1
dylan,1
dynamic,1
e,4
each,9
eames,1
earl,1
earlier,1
early,7
early‚Ä¶,1
ears,2
earth,1
earthshattering,1
earthshatteringly,1
easier,1
east,1
easter,2
eastern,4
eastern7,1
easterness,1
eat,1
eating,9
echosmith,4
ed,5
edgar,1
edit,1
edited,1
editor,1
edmonton,2
eds,1
edsheeran,28
edsheerans,2
ee,1
eeee,1
eeeeee,1
eeeeeeeeeee,1
effortlessly,1
egg,1
eggnog,1
eggs,1
ehhh,1
eiffel,1
eight,1
either,2
elated,1
elderly,1
electric,1
elegance,1
elegant,1
elevator,2
elf,2
eliotte,2
elise,1
elizabeth,1
elizabethbanks,2
elizabethhuett,1
ella,1
ellas,2
elle,1
ellebelle37,3
ellen,2
ellenpompeo,6
elliegoulding,7
ellies,1
elsa,1
else,1
elton,1
em,1
ema,2
emails,1
emas,2
embarrassing,1
embrace,1
emelisande,1
emma,2
emmy,1
emmys,1
emotional,1
emotions,1
empirefox,1
empireseason2,1
enchanted,2
end,5
ended,3
endless,2
ends,2
england,1
english,1
enjoying,1
enough,15
ensemble,1
ensembles,1
ensued,2
enter,3
entertainer,6
enthusiasm,1
entire,3
eonline,1
ep,3
epgoals,1
epic,4
episode,3
equivalent,1
eric,1
ericchurch,1
erinheatherton,2
erratic,1
errryone,1
escalated,1
especially,3
est,2
este,1
esteback,1
et,12
ethel,1
ethelmovie,1
etonlinealert,1
etwatch,1
europe,4
even,23
evening,3
event,4
eventful,1
events,2
ever,40
everchanging,1
everjust,1
every,25
everybody,4
everyone,19
everyones,1
everything,9
everywhere,6
ever‚Äúboygeorge,1
evidence,2
evidently,1
evie,1
ew,1
ex,1
exact,1
exactly,3
example,2
excellence,1
excellent,5
excellent‚Ä¶,1
except,1
exceptional,1
excessively,1
excited,72
excitement,1
exciting,1
exclamation,1
exclusive,3
excuse,2
exhausted,1
exhibit,2
exhibiting,1
expect,2
experienced,1
experiencegoing,1
expert,1
experts,1
explain,1
explains,1
express,1
expresses,1
expressions,2
extra,3
extraordinaire,1
extraordinary,1
eye,4
eyed,1
eyes,6
fab,1
face,12
facebook,1
faces,3
facetiming,1
facial,2
fact,8
factor,3
facts,1
fail,1
faith,1
fake,1
fall,7
falling,1
fallon,6
fallontonight,1
falloutboy,5
falls,2
familiar,1
families,2
family,12
fan,8
fancy,2
fangirl,1
fangirling,2
fans,17
fantastic,8
fantasticüíó,1
far,4
farewell,3
fargo,1
fashion,7
fast,5
fastest,1
fatherdaughter,1
fathers,2
fault,1
fav,7
favor,1
favorite,31
favssss,1
fear,2
fearless,2
fears,2
feat,3
feathers,1
features,1
featuring,2
feb13style,3
february,1
feed,1
feel,24
feeling,7
feelings,5
feels,3
feelz,1
feet,4
fell,2
felt,5
female,3
feminism,1
fence,2
fences,1
fergie,1
fest,1
festand,1
festival,3
festive,3
fetch,1
fetty,1
fettywap,2
few,7
fiberoptic,1
fiction,1
fiddle,1
field,5
fifth,1
fiftyshades,1
fiftyshadesdarker,2
fight,6
fighting,3
fightingby,1
figure,1
figurines,1
filing,2
filled,3
film,4
final,4
finale,4
finalfive,1
finally,11
find,10
finding,2
fine,4
finger,1
finished,1
fiori,1
fire,6
firesüî•,1
firmer,1
first,44
fit,1
fitting,1
five,3
fix,3
flagaline,1
flash,1
flashback,3
flashing,1
flattered,1
flattery,1
flavored,1
fleet,1
flew,1
flexin,1
flies,1
flight,1
flip,1
flipping,2
flippo,1
flips,1
floating,1
flock,1
flooded,1
floor,1
floored,2
floors,1
florida,1
flower,2
flowers,5
fly,4
flying,2
fm,1
follow,4
followers,2
food,9
foodnetworkmag,1
foods,1
fools,1
footage,2
for,323
force,1
ford,3
foreman,1
forest,2
forests,1
forever,12
forevermore,1
forget,12
forgetting,1
forgot,3
form,1
former,1
forms,1
forth,1
fought,1
found,21
four,2
fourpinkwalls,1
fox,3
foxboro,1
foxes,2
foxesüê∫,1
frames,1
france,1
frankfurt,1
franklin,1
franklinmissy,1
freaking,6
free,4
freezing,1
friday,3
fridge,1
friend,11
friendes,1
friendly‚Ä¶,1
friends,29
friendship,2
friendshipgoals,1
friendships,1
friendssssss,1
frog,1
frogold,1
frolickingüòÜ,1
from,79
from‚Ä¶,2
front,3
frostbyte,2
fruit,1
ft,1
full,9
fulltime,1
fully,1
fun,29
fundon,2
funny,3
fur,1
fyi,1
gabby,1
gabrielledoug,1
gaga,1
gagas,1
gala,1
game,7
games,2
garden,5
garner,1
garrettborns,1
garysnowpatrol,2
gave,7
gearing,1
genagabrielle,2
general,1
generally,1
generous,1
genius,2
george,1
germany,2
get,54
getready,1
gets,2
getting,39
gettyimages,1
ghost,2
ghosts,1
giamattiüëè,1
giant,2
gif,1
gifs,1
gift,5
gifts,4
gigantic,1
gigi,1
gigihadid,16
gigis,1
gigs,1
gill,1
gillette,5
giraffe,1
girl,19
girlfriend,2
girls,17
girlshbo,1
giuseppegiofres,1
give,3
given,2
giver,4
gives,1
giving,9
glad,3
glamour,2
glamourmaguk,2
glamouruk,1
glasses,3
glendale,3
glenn,1
glitter,5
glitterbomb,1
glittery,1
globe,3
globes,2
gloriously,1
glowing,3
gma,14
go,59
goal,1
goals,4
god,17
godmother,1
goes,7
going,25
going‚Ä¶,1
gold,2
goldberg,1
golden,3
goldenglobes,1
gone,2
gonna,21
good,32
goodbye,2
goodforyouvma,1
goodness,1
google,2
googling,1
googoodolls,1
goren,1
gorgeous,1
got,71
gotta,3
gotten,4
gown,2
gowns,1
gqmagazine,2
grab,4
grace,4
graceegold,3
graceegold‚Ä¶,1
graciegold95s,1
grade,2
gradewondering,1
graham,2
grammar,1
grammer,1
grammy,13
grammynomination,1
grammynoms,1
grammypro,2
grammys,9
grand,1
grandmother,1
granted,1
grantmickelson,6
grantmickelsons,1
grass,1
grateful,4
great,18
greatest,5
greek,1
green,3
greet,3
greetings,1
greets,2
grey,1
grimmers,1
grip,2
grocery,1
ground,2
grounded,1
groups,1
grow,2
guardian,1
guarding,1
guess,6
guessing,1
guest,8
guests,4
guide,1
guitar,3
guitars,3
gun,1
gut,1
guy,8
guys,65
guysand,1
guyssss,1
guysthank,1
hack,6
hackers,2
had,37
hadnt,2
hahah,1
hahaha,3
hahahahaha,1
hahaha‚Äù,1
hailee,1
haileesteinfeld,11
haim,2
haimjoinsthe1989worldtour,1
haimtheband,15
haimthebands,1
hair,15
haircut,2
haircuts,2
hairmake,1
half,1
halloween,5
halls,1
halstonsage,2
hamilton,1
hammer,1
hamptons,1
hand,4
handle,3
hands,4
handwritten,1
hang,5
hanging,4
hangs,1
hanson,1
happen,6
happened,7
happening,15
happens,4
happier,1
happiest,2
happily,1
happiness,2
happy,68
happybdaybey,1
happybirthday,1
happybirthday1989,3
happyhalloween,1
happyinternationalwomensday,1
hard,6
harmonies,1
harmony,1
has,25
hashbrown,1
hasief,1
hat,3
haters,1
hats,1
haunted,1
have,57
havent,6
having,10
hawaii,1
hayley,1
hbo,1
hbodocswwwethelmoviecom,1
he,9
head,10
headache,1
headed,14
headfocus,1
heading,2
headlights,1
headline,1
headmistress,1
heads,1
health,1
hear,14
heard,10
hearing,4
heart,8
heartbeats,1
heartbreak,2
heartbroken,1
hearts,2
heartsick,1
heaven,3
heavenly,1
heavy,1
heavybreathing,1
heights,1
heinz,1
held,1
hella,3
hello,1
help,6
helped,2
hepburn,1
her,31
herald,1
here,47
heres,15
hero,1
heroes,1
herre,1
herrrrr,1
herself,1
hes,1
hey,14
heyviolet,1
heyyyy,1
heyyyyy,2
hfpa,1
hi,9
hid,1
hide,2
hiding,1
high,7
highlight,6
highly,1
highway,3
hiii,1
hiiii,1
hiking,2
hil,1
hilarious,3
hilary,1
hillarys,1
hills,1
him,8
himself,1
hint,1
his,21
historianlondon,1
history,2
hit,5
hits,1
hitting,1
hold,1
holding,3
holds,1
hole,1
holiday,4
hollywood,4
home,22
homeat,1
homeseriously,1
homeslice,2
honestly,4
honey,1
honor,9
honored,7
hook,1
hooking,1
hooo,1
hope,7
hopes,1
hoping,1
hopping,1
horns,1
horror,1
horse,1
hospitality,1
hot,6
hotchellerae,2
hotel,9
hotgluing,1
hour,4
hours,22
house,7
houston,3
how,53
hozier,2
httpstco1eihjovifu,1
httpstco1oueitvpkn,1
httpstco1waybqpznk,1
httpstco1y3nv4fvil,1
httpstco26sloicuzt,1
httpstco3anms9kf57,1
httpstco3blvilvckw,1
httpstco44ti460i2t,1
httpstco4gjqdyykqu,1
httpstco4ldzklnwh1,1
httpstco5ihxcbuzo7,1
httpstco5jtefcqdax,1
httpstco6gxus3xd4s,1
httpstco6mqbr69nfl,1
httpstco6w2fsgb6ag,1
httpstco6yuoge9lu6,1
httpstco7uvqdtp5qm,1
httpstco8d2eckmdsk,1
httpstco8dnm1qplvu,1
httpstco8tqf6qhyz6,1
httpstco9clneczgf1,1
httpstco9fzstd7jf3,1
httpstco9gup5ihp4v,1
httpstco9jxi1qfycg,1
httpstco9jxvtdljzb,1
httpstcoactzbwbt4r,1
httpstcoakmwgi7dlz,1
httpstcoayz4iijgnu,1
httpstcob12syndr9i,1
httpstcobgano7z1y3,1
httpstcobpcrptiu5a,1
httpstcobrbrtlb7sb,1
httpstcobtwuplzclv,1
httpstcoc6dujyygw3,1
httpstcocgnii9p3ps,1
httpstcockbugcyzvm,1
httpstcockzdjz3uwn,1
httpstcocnu16p83mx,1
httpstcod0k1rf6fmy,1
httpstcodd1m0b7g1p,1
httpstcodmkfrpgstg,1
httpstcods0qptiutf,1
httpstcodugpis2jg6,1
httpstcoeq3o1r7mmv,1
httpstcoequwaq0upg,1
httpstcofkrtvtpklw,1
httpstcofonlcnupfc,1
httpstcogaf0k62cqt,1
httpstcogeg2cowtif,1
httpstcogwbfxg7k6u,1
httpstcoh0uimm6jo2,1
httpstcohjwae7sluq,1
httpstcoilz5dt1xsb,1
httpstcoj1xx2nkike,1
httpstcojgii9tdjnk,1
httpstcojyoziuru25,1
httpstcok4emhdrfd3,1
httpstcokebdqigizl,1
httpstcokjjt6zjpky,1
httpstcokqprmnf8cm,1
httpstcokvyavsj2uw,1
httpstcoleot2pwzdx,1
httpstcolglykr5she,1
httpstcollxcrrscmu,1
httpstcolzu1qxtujy,1
httpstcom4mefs4f79,1
httpstcomkuqyeto0i,1
httpstcomkzjfa5i7y,1
httpstcomu1ucsof8o,1
httpstcondj0oeiuuh,1
httpstconmgui0igp6,1
httpstconqosdljsy2,1
httpstconv85oxobqj,1
httpstconxnsq2xwmy,1
httpstconzfcedodqn,1
httpstcoo33krm8vjh,1
httpstcoo6xnzeihah,1
httpstcoogetlrtfgm,1
httpstcook021vmien,1
httpstcooksxt1q6pm,1
httpstcop3fpqtajov,1
httpstcopi9djezkbw,1
httpstcopjiwpntexw,1
httpstcopnpr9pkf26,1
httpstcopu4h7ephmk,1
httpstcopwkujzmjhf,1
httpstcopysydmzlhm,1
httpstcopzcquax8mm,1
httpstcoq51nqz4ppx,1
httpstcoqfx9l0exx7,1
httpstcoqojua5gdvt,1
httpstcoqpp4hneyvx,1
httpstcoqsgx98g87y,1
httpstcoqwd6zwtrqv,1
httpstcorkh4nrnog5,1
httpstcorutohxcwwo,1
httpstcorwty2q6zh7,1
httpstcoryuy3yz7pr,1
httpstcorzgwjf4myn,1
httpstcos93enohgrv,1
httpstcoshid54rpn5,1
httpstcosi61260flt,1
httpstcoslxowgxbbq,1
httpstcospc3vnnr8e,1
httpstcosq3jpbcr9e,1
httpstcotfxybcezou,1
httpstcotl9xt3lavj,1
httpstcotwozyjesgl,1
httpstcoua6jcgk8or,1
httpstcoug9fnn9oql,1
httpstcoujxt7ggxbs,1
httpstcounv6fvyd7q,1
httpstcouowfdcatar,1
httpstcourv3ylatlt,1
httpstcouscfttwmxc,1
httpstcov5pmfs28vn,1
httpstcovivvyekkxv,1
httpstcovq8lcfouco,1
httpstcovv4tzfyl7x,1
httpstcow7b7uudyjn,1
httpstcowkzif0xjpi,1
httpstcowrlrzeaarh,1
httpstcowukbmdtcwq,1
httpstcox2kyndrtbk,1
httpstcox3yy9ejitu,1
httpstcox5ljvanx1s,1
httpstcoxpectagmj7,1
httpstcoxqipdsqnyf‚Äù,1
httpstcoxxhihwnnsk,1
httpstcoycvemdssoc‚Äù,1
httpstcoyedqlumfeo,1
httpstcoyrakyoimkk,1
httpstcoyxglslt3um,1
httpstcoz8gyslxgcu,1
httpstcozgnnfeg6tz,1
httpstcoztrvvpccbh,1
httptco058bjtcikm,1
httptco05oalwev2i,1
httptco0bh33ckjgz,1
httptco0cdqrewrz9,1
httptco0dxlztw6tj,1
httptco0ept26uu,1
httptco0euirpzb4n,1
httptco0f7xymeqgo,1
httptco0gxewzfh0k,1
httptco0gzrhth,1
httptco0ihydcbcop,1
httptco0iixp1wsnz,1
httptco0jwjylszl1,1
httptco0lev9xzzmm,1
httptco0ohmzbwnpd,1
httptco0qsmufjnee,1
httptco0rx3ggsm7w,1
httptco0ulbjhj2,1
httptco0wjbe7v9fg,1
httptco0x4yvl3gev,1
httptco13lwqooyud,1
httptco14mulhd5,1
httptco1al0zcrmls,1
httptco1cfcg56wdr,1
httptco1fdguxpm63,1
httptco1fpqwlou56,1
httptco1ikvsd9v5j,1
httptco1mk7tdpr0c,1
httptco1nomrcflnx,1
httptco1pdu7ctd,1
httptco1pfcvjvr5v,1
httptco1seayjqtux,1
httptco1sjkb6nr4z,1
httptco1smb7m0l42,1
httptco1v3n1zvbvg,1
httptco1xv1wpvc,1
httptco1yngi4lnop,1
httptco1zh2nuuhiv,1
httptco20dnftzjyr,1
httptco25bvgixstf,1
httptco264vetkk7s,1
httptco2ah4ulwqvw,1
httptco2bmzwolw,1
httptco2cyr9udlt1,1
httptco2ehzhyodpf,1
httptco2ep91baedh,1
httptco2f0dcqsfav,1
httptco2f0xbi8i,1
httptco2gvnny8urn,1
httptco2h4ovrid7e,1
httptco2jv2cmpr1q,1
httptco2km8ahykko,1
httptco2mlsvdtdl9,1
httptco2nb14dfpdm,1
httptco2nd1ncwt1a,1
httptco2ofjyvsvc9,1
httptco2oijtzstqb,1
httptco2p9fmxxpml,1
httptco2r0heygf,1
httptco2r9n8t4tkq,1
httptco2rdan921if,1
httptco2rr3qvuick,1
httptco2uz9muyrjn,1
httptco2zfqy0rmr5,1
httptco30cdfqgn1f,1
httptco31tk9zzv7m,1
httptco32kjwggnck,1
httptco36vfchfxw8,1
httptco37wpoitlbc,1
httptco3cm5t8wgoc,1
httptco3dtyl3kr‚Äù,1
httptco3dw0cg7dte,1
httptco3ffuhzh7pg,1
httptco3jwzvukhz3,1
httptco3msl859jqk,1
httptco3qnud0c6eo,1
httptco3rwhboulwt,1
httptco3usbbookrg,1
httptco3v97etc0fq,1
httptco3wdnjzqc9a,1
httptco3wrbupx05u,1
httptco3xwh0nmrnd,1
httptco3ydzo3tpla,1
httptco4a8no4fwwv,1
httptco4bnzbbdcsx,1
httptco4cryku60vw,1
httptco4e18aoho70,1
httptco4jmrpdkvrg,1
httptco4knths3d,1
httptco4n7monyd8b,1
httptco4nbtipzpbx,1
httptco4qldgbt0sw,1
httptco4us3iqbhum,1
httptco4yg6gnogmg,2
httptco4zwpz2ksdc,1
httptco50dwiijv,1
httptco528j3v6yro,1
httptco53f1a8bu5s,1
httptco54ba9zyhbd,1
httptco55hqxrxj,1
httptco5bkxiignqe,1
httptco5f5qebls,2
httptco5gw6qjpua1,1
httptco5hfuv8kv0m,1
httptco5hlxazmkdi,1
httptco5lvkcajx,1
httptco5oe8ceovgh,1
httptco5rczjmv,1
httptco5ue0mpc1z3,1
httptco5uisjknvmi,1
httptco5ztpsioihu,1
httptco6a8ukloqva,1
httptco6cjms2ajqb,1
httptco6h29bmxc,1
httptco6hf7snoe8m,1
httptco6hyv4mn2aq,1
httptco6iv22jx,1
httptco6jmg0getre,1
httptco6jmyrlvmnu,1
httptco6kbk3wwiu0,1
httptco6kt4hnidge,1
httptco6kxmd3kx52,1
httptco6lmnqz5k,1
httptco6nm4ondqsj,1
httptco6nocq45too,1
httptco6nuznjsk45,1
httptco6ot4mpel,1
httptco6p0cwe6quv,1
httptco6rzjgzzzwx,1
httptco6t5lqnwhau,1
httptco6ur6oezrga,1
httptco6w9rnnmhdk,1
httptco6zvrvtxkzl,1
httptco70nxrftrjo,1
httptco74cxppord5,1
httptco74kavzup,1
httptco74xvloht5r,1
httptco76vgui2nnp,1
httptco77c3gbewho,1
httptco79enf0nr,1
httptco7bvl0h4zva,1
httptco7dayvzi1uh,1
httptco7dqo6clk,1
httptco7exmcccma2,1
httptco7hub4esl,1
httptco7itiqvkmql,1
httptco7kohhfsr,1
httptco7lczczminv,1
httptco7ldrzmqdfp,1
httptco7njlirihv2,1
httptco7ovqi0v24o,1
httptco7pqatsyy,1
httptco7q8jmkkl6g,1
httptco7qumf3laps,1
httptco7rupvogtof,1
httptco7rw3nzx,1
httptco7sygud8j,1
httptco7uolqxrm4v,1
httptco7vfl8vrayp,1
httptco7z57hvgoyq,1
httptco89i8oz2sgy,1
httptco89itzyu4ct,1
httptco8ab0hoxrtd,1
httptco8asha2izfp,1
httptco8fepab2075,1
httptco8gmtg9czce,1
httptco8hbc1npytb,1
httptco8hw7cownbj,1
httptco8jmskqzc7y,1
httptco8kwgco9m,1
httptco8kwir7tkma,1
httptco8lub5g2zj5,1
httptco8mrdkzjf,1
httptco8padiovsxf,1
httptco8w0jvr8cvv,1
httptco8zmpjtwth7,1
httptco90ilidih‚Äù,1
httptco9ce9okagp4,1
httptco9dgm1urzfn,1
httptco9gonas0woi,1
httptco9l1ajdrldh,1
httptco9sat0uys,1
httptco9tjsojdzik,1
httptcoa2eqsyci,1
httptcoaa6beehz2l,1
httptcoabjdb016yl,1
httptcoabnoapva2j,1
httptcoaclzlazfta,1
httptcoadiyy2dg,1
httptcoadldv8ww,1
httptcoaduogmuv2l,1
httptcoaen1jxgu,1
httptcoaf11uyaamt,1
httptcoafz0emtr6y,1
httptcoag0gxbklnt,1
httptcoag7tlnu5fb,1
httptcoagdfw8ossn,1
httptcoah4si5ov3v,1
httptcoahdkihjz0a,1
httptcoaiznwsrubx,1
httptcoakjet4aw,1
httptcoakvs0dgwi7,1
httptcoalwac0l4pc,1
httptcoamgdlqj5v1,1
httptcoaofpzbhg1i,1
httptcoaox1id193n,1
httptcoapzkjqzjxk,1
httptcoapztcpxwpn,1
httptcoaqgdopgb,1
httptcoaqvpd5yw,1
httptcoarcti78aor,1
httptcoasnunayy3d,2
httptcoatcjhhlcla,1
httptcoati7wvu,1
httptcoauj61bpx,1
httptcoavsazja3nk,1
httptcoaw2fwbnnqc,1
httptcoaw6igpwe14,1
httptcoawxjgyekvk,1
httptcoaxz2sbgeql,1
httptcoazi18qdrts,2
httptcoazue2ufmmj,1
httptcob1t2hkwgfi,1
httptcob1v8g55mjm,1
httptcob1ylcw5hbz,1
httptcob2ojh50ceq,1
httptcob3ioujueav,1
httptcob3qtt4ls5y,1
httptcob67c7bv3v8,1
httptcob6hoiikw,1
httptcobbrrlwzl,1
httptcobcmvlkloud,1
httptcobczrqkbk,1
httptcobdohlmqstv,1
httptcobe9lpgs5eg,1
httptcobeikcchtis,1
httptcobfjliptvip,1
httptcobhnauc93tg,1
httptcobidr3yshax,1
httptcobiyx3e111l,1
httptcobj9av48ddv,1
httptcobjyetg0bpb,1
httptcobl3e0kgi7i,1
httptcoblgp1m4oeg,1
httptcoblyqxsuday,1
httptcobmbkjvgbxo,1
httptcobmvjhnlhj4,1
httptcobnhkxbd6ut,1
httptcobopwsi6cdl,1
httptcobp3u9gz6ij,1
httptcobq66oa93yd,1
httptcobqdvdopdlt,1
httptcobrayqrd5s9,1
httptcobrpclraq,1
httptcobsxhteyxpa,1
httptcobtee26i9gd,1
httptcobtfnqlplvs,1
httptcobwndr5ferp,1
httptcobxd60ap3y6,1
httptcobxekjid,1
httptcobym05pcrw8,1
httptcoc0enxzhfve,1
httptcoc0vdjh7p,1
httptcoc1kk8ctaae,1
httptcoc21bj0dk9n,1
httptcoc26jsxyhys,1
httptcoc5frxulqab,1
httptcoc6sw3sic4m,1
httptcoc9bvbwwkrw,1
httptcocbniymb7,1
httptcocci9b9i,1
httptcocct1g4xvld,1
httptcocdi33wav,1
httptcocdiffgfoqa,1
httptcocgoqm3jwct,1
httptcochwfu4trbg,1
httptcocih9uzlmjz,1
httptcocjkjholnen,1
httptcockmgz1cs7t,1
httptcocl7z8g2hnm,1
httptcoclijcbjtgu,1
httptcocmjqfeh0nl,1
httptcocnk4vxzmuy,1
httptcoco6hxuvbdj,1
httptcocodh3qbi,1
httptcocoee1tbkxw,1
httptcocqbpnbkdmd,1
httptcocqr9xybin5,1
httptcocsjnakdb2u,1
httptcocvdtuaw3,1
httptcocvg7uqyy,1
httptcocxg1jzrc6z,1
httptcocxhuvsluye,1
httptcocyk1xkb3v1,1
httptcocyn6u7d5jz,1
httptcod0fhelck,1
httptcod2zon8se,1
httptcod5ger9a8js,1
httptcod6yov1yyxe,1
httptcod7ktlncnmb,1
httptcod9aifey8pa,1
httptcod9ckmwfwt6,1
httptcod9gbhi5fyj,1
httptcod9kzevb,1
httptcod9onioyzkr‚Äù,1
httptcodacsqc3azj,1
httptcodagw1wan,1
httptcodav3y2hq,1
httptcodc9okud7ji,1
httptcodcmli978pm,1
httptcodcq9hmhc3s,1
httptcodcsgvtxj6j,1
httptcoddepo4l3kd,1
httptcoddkvhxj9ht,1
httptcodg2vlbtf,1
httptcodg3a0mdafl,1
httptcodgykt8xigo,1
httptcodh8assqogk,1
httptcodhm6u6eu39,1
httptcodhmacn2j9d,1
httptcodhzqftzbke,1
httptcodiyiuabvlt,1
httptcodj59rgj,1
httptcodjf0gijwpb,1
httptcodjlm23pd,1
httptcodl8b3x16ht,1
httptcodlc3tt1kha‚Äù,1
httptcodmqys0rnw6,1
httptcodmuuiy9k7h,1
httptcodpkxn6flqh,1
httptcodppq0box,1
httptcodq8chzek,1
httptcodr9ris7n0v,1
httptcodrontn96ro,1
httptcodu7mqgmueh,1
httptcoduc6hcmdin,1
httptcodupcdikzoz,1
httptcodv3bdsvj9l,1
httptcodvbqf1ctin,1
httptcodw6luuqwme,1
httptcodyp9y3zioe,1
httptcodzfbkmikza,1
httptcoe0m8xgpiwi,1
httptcoe0qarnvsa5,1
httptcoe2xfi58554,1
httptcoe2zace66jk,1
httptcoe3oaiahgfc,1
httptcoe3rldbvtrj,1
httptcoe4lwdbiiom,1
httptcoe4mxbzu8zn,1
httptcoe5o71fbpyv,1
httptcoe6oa2kj683,1
httptcoe7hfojki,1
httptcoe8sx3hdvjo,1
httptcoe8wcxcajlk,1
httptcoe9k0nzx310,1
httptcoebebqxwzne,1
httptcoeblhawabnp,1
httptcoebw9lhb2lu,1
httptcoebwd63s1co,1
httptcoee1fhc4rtz,1
httptcoeexjlkkjml,1
httptcoeg4mgakxlr,1
httptcoejtz9wfg2j,1
httptcoekdn3u0qkw,1
httptcoekksudhqfl,1
httptcoelrnnlyu,1
httptcoemqvpxaq,1
httptcoenklkg6amh,1
httptcoenpkdnlc,1
httptcoeomisthm,1
httptcoeq6jvaahf0,1
httptcoeqy3chj3gp,1
httptcoerfqo1ss8h,1
httptcoethniuzmoq,1
httptcoeu5ch7ngni,1
httptcoev7gpq481i,1
httptcoevjwf8fmew,1
httptcoewzuccgf,1
httptcoey3qtolnbn,1
httptcoey9zji1adv,1
httptcoezf71cs1gd,1
httptcof0qpul43qf,1
httptcof3y4nzw6oj,1
httptcof40budm3,1
httptcof467lvmppr,1
httptcof6xgfdretz,1
httptcof7p4fsikwx,1
httptcofanvgynns1,1
httptcofatubgj3,1
httptcofbtptr0o,1
httptcofchgwv0nbv,1
httptcofcw0wmsfgr,1
httptcofd3brh2fpd,1
httptcofdyeesaqzb,1
httptcofelkhmeqht,1
httptcofeqmo80vwu,1
httptcoffvchqdt8w,1
httptcofgt6vuioi3,1
httptcofhi7jffbjy,1
httptcofiavmuvcid,1
httptcofiriax6szs,1
httptcofisl7zrkha,1
httptcofmkdhd0h‚Äù,1
httptcofmx0uxhd06,1
httptcofoiwo9tb,1
httptcofok59tmhll,1
httptcofp61wnk8ej,1
httptcofpgzgcogzw,1
httptcofplxlhg7xy,1
httptcofqq3kwzfga,1
httptcofqydlqgize,1
httptcofrqslgwvbx,1
httptcofs8nveruuw,1
httptcoftqpqvse,1
httptcofumtqeno3r,1
httptcofuvna23ha0,2
httptcofw8agwoqrz,1
httptcofwwggfph,1
httptcofx4rxav05a,1
httptcofxvzzq7c,1
httptcog13kskzt1b,1
httptcog3esk5ilwp,1
httptcog9il2lugdx,1
httptcog9pii2od6z,1
httptcog9wcwbct87,1
httptcogage9larhm,1
httptcogarxzfgqgb,1
httptcogbgf5p7ola,1
httptcogbsbqj0b,1
httptcogddtsglh,1
httptcogeb7eddemw,1
httptcogecqptodqj,1
httptcogehqaethjx,1
httptcogeu2kqwyya,1
httptcogevxtcgk59,1
httptcogfrh9w4ggc,1
httptcogfxerkceqj,1
httptcoghboad9mbk,1
httptcoghogkl3kz1,1
httptcoghuazblccq,1
httptcogi3hnfvnjr,1
httptcogi4hbnpojb,1
httptcogis52hgygm,1
httptcogjpjcp851s,1
httptcogl3iyxpvxa,1
httptcoglgxjlep1e,1
httptcoglm5j9zw,1
httptcogmu20vyy8v,1
httptcogn9jirkqlj,1
httptcogo43vmonmo,1
httptcogo7mntv,1
httptcogomlt7fwa2,1
httptcogonovh5vxl,1
httptcogopg3nzh,1
httptcogp1mi04uln,1
httptcogq7talw2,1
httptcogrmrhbet,1
httptcogsp0gzmfxm,1
httptcogt4okxnccn,1
httptcogtatmrwlzw,1
httptcogtjiianbgz,1
httptcogtkvcbum,1
httptcogu6bjwyf,1
httptcogunhr0vckk,1
httptcogupusv073a,1
httptcogv99ndvsh5,1
httptcogvsyhqdqam,1
httptcogvwh11jmzf,1
httptcogwdzrvd,1
httptcogwpdn2ea0f,1
httptcogxrxyezx1b,1
httptcogyzzt02jzq,1
httptcogz7qt85rkk,1
httptcogzdjyn4qkq,1
httptcogzeifyarek,1
httptcogzk3vhnboy,1
httptcogzsc5xgzls,1
httptcoh22cinvw1x,1
httptcoh2crgtgfxe,1
httptcoh2iwfxmor0,1
httptcoh3mqgqnxgb,1
httptcoh57ruxwfag,1
httptcoh6954mjx,1
httptcoh7h2xhwb8h,1
httptcoh7on4wrfxv,1
httptcohalqzbxpbg,1
httptcohbmbsrzk8s,1
httptcohcqhuct29r,1
httptcohdh8kuch4n,1
httptcohdupn0cppt,1
httptcohea5w80sml,1
httptcoheunvuit,1
httptcohf0lhnmwwu,1
httptcohfnkkiwj,1
httptcohh6o76qbho,1
httptcohivzxcdwj7,1
httptcohjmbj92e3q,1
httptcohjnopi5q,1
httptcohk23xr1d6w,1
httptcohk8ewyhrsc,1
httptcohkpvekkwfz,1
httptcohkqucjjedr,1
httptcohlfy0lsmob,1
httptcohmbsuunj1j,1
httptcohmev0mbmps,1
httptcohmyjxjqocr,1
httptcohmzxtzxv4q,1
httptcohnu7aj4mfz,1
httptcohoeri2i9js,1
httptcohp9vejojsy,1
httptcohq9oaewa2g,1
httptcohqe6k3jjav,1
httptcohrkvegmqql,1
httptcohsv1opmqra,1
httptcohte5w1f0be,1
httptcohu9qmb8xwc,1
httptcohusvdak3is,1
httptcohvponppsom,1
httptcohwlqdtsegk,1
httptcohx3l6zwdvu,1
httptcohz6qyva0,1
httptcohzbot5nmym,1
httptcohzgprx8ljf,1
httptcoi0ll9lpbeu,1
httptcoi1gopeogud,1
httptcoi32porlhvd,1
httptcoi3sexe967f,1
httptcoi447ow6yj0,1
httptcoi4okn3wmwn,1
httptcoi6tlomiypn,1
httptcoi7limlbb47,1
httptcoi7r9uhos,1
httptcoiab5p9i5zl,1
httptcoiaoglhnbpc,1
httptcoiaploydgg4,1
httptcoib0u275psk,1
httptcoicbjepsbyc,1
httptcoicdlptcp,1
httptcoicnjvebhvf,1
httptcoicqywxjfkc,1
httptcoicqywxrem2,11
httptcoidjqy2g,1
httptcoiehwkcojqv,1
httptcoieu1pkv8,1
httptcoifaxwbyf7n,1
httptcoifrfoznm,1
httptcoihduww5vwk,1
httptcoihutr3yi,1
httptcoiiuc2qhq1y,1
httptcoikhr3mhu0e,1
httptcoil5cclkirp,1
httptcoilfsr3z8dd,1
httptcoilwreys7vo,1
httptcoinlpk2dbll,1
httptcoinozx139sr,1
httptcoio8abm93,1
httptcoioputdhb,1
httptcoipd6chuj,1
httptcoipk6gmxu,1
httptcoiqketlzulx,1
httptcoirgn02kl9e,1
httptcoiwi1oyrewk,1
httptcoiwtde0z3,1
httptcoixzalmox8h,1
httptcoiz06o6zvyo,1
httptcoiz6ig87nle,1
httptcoj12lh56yd7,1
httptcoj1dxjcf0de,1
httptcoj2gxvfvu,1
httptcoj3m0ml93hk,1
httptcoj65njc0hub,1
httptcoj7uahnme,1
httptcoj9s7ggswej,1
httptcoja85l8uvvo,1
httptcojb4ynfvb5b,1
httptcojeh1rrisvu,1
httptcojeksmhu8up,1
httptcojetivlco,1
httptcojfewbesrd5,1
httptcojgmqybrc,1
httptcojgr7hafa,1
httptcojh4nogv2ke,1
httptcojhfyujqn99,1
httptcojhuzg7adj4,37
httptcojhxcjq3a6i,1
httptcoji0pmgp3,1
httptcojicqceup,1
httptcojijhpvprup,1
httptcojiqbyfcqnu,1
httptcojj7gru1sy5,1
httptcojjunsceoep,1
httptcojk4p88p2,1
httptcojkklzrjcg3,1
httptcojljajrfv84,1
httptcojmltigru,1
httptcojmrdhem0en,1
httptcojne5shk8ok,1
httptcojnkrz0jwv1,1
httptcojnnaq46ozy,1
httptcojnsmpxq5op,1
httptcojnsnrjpbl5,1
httptcojqpasuxkah,1
httptcojqvwugkicy,1
httptcojr6vmjkimz,1
httptcojrwhkpyfpe,1
httptcojsznijstrp,1
httptcojtk2fzrvii,1
httptcojugfbjp89t,1
httptcojulhtczou5,3
httptcojwo5uwgvti,1
httptcok1nn8gdvqw,1
httptcok214ehis,1
httptcok2fbko5rgn,1
httptcok3z9ylyxyy,1
httptcok4anwvrobr,1
httptcok6yeb3pxhw,1
httptcok8bukoyu,1
httptcokaapaqro,1
httptcokb4shdnyia,1
httptcokcr96kqk0k,1
httptcokcrxtepzzd,1
httptcokde4apmzx1,1
httptcoke6lxan3ps,1
httptcokgc2uv9cgd,1
httptcokhn3yq7q,1
httptcokhptaoie,1
httptcokibgx3f34j,1
httptcokicd1kyt0q,1
httptcokinnkbiqoq,1
httptcokjav9tbd,1
httptcokkis2iuo,1
httptcokkymxvlwfi,1
httptcoklc4ef8l,1
httptcokny54zwy6h,1
httptcoko1si7evun,1
httptcokoto85oksr,1
httptcokpe1xtgbzl,1
httptcokq2qkuctsm,1
httptcokqkypmjav7,1
httptcokrc0qfhiq0,1
httptcoks7ukkpurz,1
httptcokt8h3vz8vp,1
httptcokugy6hrgbh,1
httptcokuwqdaympw,1
httptcokvkgpnr1,1
httptcokwpyhvivwy,1
httptcokwqwrd2r,1
httptcokx8vgucqvu,1
httptcokxvpmpd7yv,1
httptcokznp5ehrn8,1
httptcol2tdqavh,1
httptcol7mttmfai3,1
httptcola2wdtxpfj,1
httptcolcvivttvth,1
httptcoldmn2v1nop,1
httptcoldug1auuvw,1
httptcolf2vqxx7wg,1
httptcolfmb1iazzx,1
httptcolfmo7x9e,1
httptcolgyoqjug,1
httptcolh0pspgh7m,1
httptcolihskcx9uz,1
httptcolisdedunpx,1
httptcolitz7k7poo,1
httptcoliwt67uwja,1
httptcoljeggdqjw6,1
httptcoljnw3ss9z3,1
httptcolkgcgpdrjd,1
httptcollkul7fmga,1
httptcollnhdrmlto,1
httptcolm1qrz6bre,1
httptcolmocgnd5gn,1
httptcolmwvbxenar,1
httptcolnd7b4vwno,1
httptcolpgpnwonip,1
httptcolr4gpxn,1
httptcolra6mfrlna,1
httptcolrtyzp8f,1
httptcolu4bkiozpa,1
httptcolujcuvu,1
httptcolva75kopbv,1
httptcolvbwajlowz,1
httptcolvumqxpwrj,1
httptcolxe9tsk,1
httptcolxsjlqt03j,1
httptcolzcaovlc2u,1
httptcolzcz5mbmht,1
httptcolzq9iokmtk,1
httptcolzydljnmss,1
httptcom0ajhwxbgp,1
httptcom5e1vcn9ro,1
httptcom5fk8bbb7j,1
httptcom5kmlcrirg,1
httptcom710eb3wtn,1
httptcom7ontbvfvn,1
httptcom7wcbemwbd,1
httptcom8dq3rau61,1
httptcomafwu4smui,1
httptcombjb0wm6ln,1
httptcomdjrflv3sg,1
httptcomfqdz4po,1
httptcomgizmmu6tx,1
httptcomhuuvcv,1
httptcomjsrhm82tr,1
httptcomjwqivsx,1
httptcomlibdfbj8c,1
httptcommjijontrc,1
httptcomnekpgoq,1
httptcomogeby0och,1
httptcomoz8fqf2em,1
httptcomqsw3rqzro,1
httptcomrjbajlwcm,1
httptcomt0rhzqser,1
httptcomu0ke3weli,1
httptcomugbxasilp,1
httptcomulrfrelxy,1
httptcomw1wrlt2c1,1
httptcomwkietlj,1
httptcomyh31hjv4c,1
httptcomyvohg9mek,1
httptcon0hgh9tm,1
httptcon2egrhsiom,1
httptcon2njvgclv9,1
httptcon3udpq9sts,1
httptcon6kdfij0rz,1
httptcon6oc5gvoiy,1
httptcon6wcul7is0,1
httptcon7fcmvlxsg,1
httptconasjxs9cl7,1
httptconavrjls5ux,1
httptconcncyrvdfw,1
httptconddxmwu4t0,1
httptconexsjreyru,1
httptcong8jy2avb5,1
httptcongawkkhmjk,1
httptconggnpdwqkf,1
httptcongnzz5lz,1
httptconj1ndp23v6,1
httptconjfsjafrik,1
httptconk7irtbcxx,1
httptconk9rhv95rp,3
httptconkb44khnaa,1
httptconkbtbyrbhr,1
httptconoynqdom,1
httptconpvpuuf6ki,1
httptconpwfxwc5bd,1
httptconqd6pddqjx,1
httptconreauw8coo,1
httptconrx8ah4n38,1
httptconscvknnnyy‚Äù,1
httptconsleufa,1
httptcont1hfcazmw,1
httptconufe1wse,1
httptconuublarzsb,1
httptconwbjf03c7w,1
httptconwnj3fdaxe,1
httptconwrpuusvzc,1
httptconxli7rtme9,1
httptconxlso6fssk,1
httptconygqyikp,1
httptconzsk41cyea,1
httptconzvvotbv,1
httptcoo05njxehhu,1
httptcoo1ucd7udkp,1
httptcoo2ohyuzkxw,1
httptcoo5xb7bpao6,1
httptcoo7doc5qe,1
httptcoo7ioyq82sn,1
httptcoo80vepyno8,1
httptcoo8soleec,1
httptcoo91bairqyp,1
httptcooajcybbssw,1
httptcooalttlrlla,1
httptcoobqlbi9qi4,1
httptcoocxeup4n,1
httptcoodeulimrut,1
httptcoofaxmpv1eb,1
httptcoofrslxrq,1
httptcoog8bwxrhgw‚Äù,1
httptcoohsejzpxkf,1
httptcooi8plmtudz,1
httptcooijoxxcwdd,1
httptcooiufzdyiwz,1
httptcoolkgu6losh,1
httptcoomeiwfybba,1
httptcooo1o4s06gb,1
httptcooob3fdupw2,1
httptcoooed0xw9,1
httptcooov8ppbjfz,1
httptcoop03wlba,1
httptcoopps51exij,1
httptcooqblvpre1d,1
httptcoorcs9rkwj4,1
httptcooromi1pvs6,1
httptcootglsx1z7h,1
httptcoouaq7pf7xs,1
httptcoov83lrzd,1
httptcoovfcaeqhyy,1
httptcoow1sczkzdz,1
httptcooz7tpc1ohl,1
httptcoozej8hgmsk,1
httptcoozhbjpwlxl,1
httptcooznmmvtepy,1
httptcop1hekaitna,1
httptcop3t5jrvovt,1
httptcop3wobkk7ml,1
httptcop4nk4i7s7v,1
httptcop7u2uwrh1w,1
httptcop8rai218ji,1
httptcop8w2tlspzn,1
httptcopavk2hjazf,1
httptcopbducikdhm,1
httptcopbgpkdulit,1
httptcopdhz44us9d,1
httptcopel7estksd,1
httptcopf3myyflic,1
httptcopf8zwcjqqr,1
httptcopgymlpsbcy,1
httptcopgzb0uuqib,1
httptcophmc5cszhf,1
httptcophs1vvoz2e,1
httptcopjzy6t5lq8,1
httptcoplazzdtf,1
httptcoplfg2mytts,1
httptcopmf7ipuery,1
httptcopo09j3sttw,1
httptcopoexwpawwi,1
httptcoppirxnzjz3,1
httptcopq0npmjfcm,3
httptcoprg3f144,1
httptcoprl7kcyydw,1
httptcoprpsc33wnl,1
httptcopslbtcwj9l,1
httptcoptuupncyhu,1
httptcopubjqkf27n,1
httptcopuiamjjcrb,1
httptcoputpsot2iv,1
httptcopv2d8kk5wc,1
httptcopwzhq7dh,1
httptcopx9usgpxwx,1
httptcopxxebmki5n,1
httptcopypru6i,1
httptcopyrwv2mwjj,1
httptcopzf60dz0,1
httptcopzs5iwnni8,1
httptcopztdu8gsex,1
httptcopzy5l3au2q,1
httptcoq1ooucz3z9,1
httptcoq1pjpxce,1
httptcoq7xuad4iyf,1
httptcoq9mtmytpke,1
httptcoq9p7jjowld,1
httptcoqawf8lxwe7,1
httptcoqbfjy4hrad,1
httptcoqcsezuwbw0,1
httptcoqcuddi1ysp,1
httptcoqd4oihyeaz,1
httptcoqddrg37fhe,1
httptcoqeamk48y,1
httptcoqfye9qmdw5,1
httptcoqgvypbyjjz,1
httptcoqgwcqrh1hm,1
httptcoqh9qrgkzt0,1
httptcoqhiigimtc1,1
httptcoqhyd5ioe,1
httptcoqiwrrlfrni,1
httptcoqjj8yyzg7z,1
httptcoqk0wkrcmez,1
httptcoqknqcn5iii,1
httptcoqlwwsirrc1,1
httptcoqm3wwscaze,1
httptcoqmnwufgf3y,1
httptcoqmyfae5w8c,1
httptcoqmz5gk0mcu,1
httptcoqnnuvcr3ok,1
httptcoqod13gyfbs,1
httptcoqpko2kzwg8,1
httptcoqpvdkyeuvq,1
httptcoqrrwg96gki,1
httptcoqsnb9cvj64,1
httptcoqstzimu9tl,1
httptcoqtchxvm1el,1
httptcoqtl7ejrzjq,1
httptcoquob9zllv8,1
httptcoqurvsey,1
httptcoqvyyyxn0fm,1
httptcoqwhxsxpoex,1
httptcoqwmtgxla7p,1
httptcoqxznqbwdsc,1
httptcoqy4iayzf8d,1
httptcoqyp7iob8hf,1
httptcoqyqxmt0khi,1
httptcoqyuyvuyjex,1
httptcoqz6q5lyrfx,1
httptcor0rmxiowaa,1
httptcor2gept1bxg,1
httptcor6u6xh2dos,1
httptcor8nsskixpg,1
httptcora8mg3yadw,1
httptcorcj3sw30vl,1
httptcordgenvc8zj,1
httptcordjq5afqaz,1
httptcorfcmhu6cgh,1
httptcorflplmgvzh,1
httptcorfpth3jceq,1
httptcorg8kl6xles,1
httptcorghv4ntpzk,1
httptcorhcjhwp0oc,1
httptcorisrsd9c,1
httptcorj9fjvxtce,1
httptcorkdm2epite,1
httptcorkel8emvkp,1
httptcorkf2je8t7y,1
httptcorlgssm2tjy,1
httptcornf0w7zc4s,1
httptcornps16umbb,1
httptcorodaxtdtib,1
httptcorpkpj86vxk,1
httptcorqnekdxf8i,1
httptcortc4x1ew,1
httptcortp4xcq2dm,1
httptcortyi94umwt,1
httptcorvnwuxvahz,1
httptcos0qwwfpopf,1
httptcos4bkw0i9,1
httptcos6evqaua9a,1
httptcosapmyopn,1
httptcosawea81b4p,1
httptcoscdc0ol,1
httptcoscwjcg0c,1
httptcosgmuoitu,1
httptcoshozekpdfu,1
httptcosj7sh8dnly,1
httptcoslkob8vwkv,1
httptcosmkvg7ddn3,1
httptcosnoesnn,1
httptcosp4e5fjh,1
httptcosppny95ydv‚Äù,1
httptcosqwyapdfhx,1
httptcoss43idgsgd,1
httptcossfirzfvix,1
httptcostqjlkobgc,1
httptcosvevr96o,1
httptcosvxgpxzsnc,1
httptcoswstaeqvh8,1
httptcosxp6zuyfts,1
httptcosy9zgwvbt4,1
httptcoszksskkqco,1
httptcot3ch2bu4,1
httptcot4csrvvj,1
httptcot8hrdp7foh,1
httptcotauhnzhzc9,1
httptcotbla5mtqlq,1
httptcotcjtnmr8wu,1
httptcotdiymhqkek,1
httptcotdqbijsopk,1
httptcotdvltsvopb,1
httptcotgnyrbo4gy,1
httptcotgorhqc5lu,1
httptcothcrehomgn,1
httptcothvaeeeuqa,1
httptcotjakogvfnt,1
httptcotm6idaoz8q,1
httptcotmzn2rphpi,1
httptcotn2q2ijij4,1
httptcoto57fwq,1
httptcotoax43spbq,1
httptcotowwjuotxf,1
httptcotpvgx2xxdn,1
httptcotq3wvyafed,1
httptcotrsqkgserx,1
httptcotseshyi7iu,1
httptcottjrdp6iis,1
httptcottyfhbgb,1
httptcotvrlk0iyra,1
httptcotxay8djka2,1
httptcoty0bgtv5ik,1
httptcotyfpddrsig,1
httptcou29cyrfxhy,1
httptcou47dzpbm0p,1
httptcou4olxvvvyq,1
httptcou4tz737quw,1
httptcou6hcecfr,1
httptcou6ifmewoow,1
httptcou7ffvmbshu,1
httptcou8ak7bybgj,1
httptcou9yw7uryue,1
httptcoub5hdnsoxs,1
httptcoubett26zyy,1
httptcoubgwf05f1i,1
httptcoubkrvbv027,1
httptcoudjdxakwoi,1
httptcoudlywur7l3,1
httptcouemnajmv,1
httptcougf4o92rdl,1
httptcouhchir1qmy,1
httptcouhv6o9g,1
httptcouj7uo2td,1
httptcoukccj9fr,1
httptcoukqzhfjir5,1
httptcoulowhhyp,1
httptcoultbbjhut4,1
httptcoumfw6hknhe,1
httptcoumnztjqnoi,1
httptcounblidg2,1
httptcounyliwhzv5,1
httptcoupjf0dh82b,1
httptcouppnazddmc,1
httptcouqtdldmlre,1
httptcousj0lrq2ty,1
httptcousluhycl7t,1
httptcoutwzx9npiy,1
httptcouvmef76g3g,1
httptcouxfybmjukv,1
httptcouy7ergthaa,1
httptcouyaea7hk1i,1
httptcouzn9iff4ww,1
httptcouzsmgdzz,1
httptcov10l08dtfi,1
httptcov1acav3hdr,1
httptcov22mrb83kk,1
httptcov6seelzsr6,1
httptcov7znnidriv,1
httptcov94a66pbbo,1
httptcova2pmsoyom,1
httptcovaczzq3l0c,1
httptcovbxdgwqhjf,1
httptcovc9dugzkt0,1
httptcovcalpmmsa7‚Äù,1
httptcovcizq447ev,1
httptcovcqzzoc6jo,1
httptcovdtpjeduma,1
httptcove2efuta,1
httptcovepis1ohjp,1
httptcovg5pna6nj6,1
httptcovilq5abtmo,1
httptcovjyqhepcrh,1
httptcovm3g40n9k4,1
httptcovmbf9r4fh9,1
httptcovml7yzey,1
httptcovoxniqvq,1
httptcovqi61du,1
httptcovqzyucbmkr,1
httptcovrqhshsfku,1
httptcovsldd4o2vz,1
httptcovttufpsj,1
httptcovtwiyoyx,1
httptcovu1rt9kjcn,1
httptcovu8dqpqjxq,1
httptcovulgyktbu9,1
httptcovv9da6s,1
httptcovvtdxlj4mc,1
httptcovwxezjwsmd,1
httptcovyf17g6sz4,1
httptcovzhd8ygn,1
httptcow1hlrokcwp,1
httptcow3hggkyi2i,1
httptcow3vlofanbv,1
httptcow4shktlfu4,1
httptcow8jffebwq0,1
httptcowakgcudnro,1
httptcowbasgxbbca,1
httptcowbogypizod,1
httptcowc9m0qsqz3,1
httptcowcrgpnz5sf,1
httptcowezilmzjth,1
httptcowfm4lmfwfn,1
httptcowgag61gjyu,1
httptcowhmfieuw,1
httptcowi7noqvlfk,1
httptcowid1hirxee,1
httptcowiq9bcwomb,1
httptcowiqyr5fx,1
httptcowjmnoj6l1l,1
httptcowl4lprvwh9,1
httptcowladghg0po,1
httptcowlbjvov567,1
httptcowli7uduftj,1
httptcowlzcbsyrgx,1
httptcown8tf1z0ii,1
httptcownelocq,1
httptcowqkwcq3olz,1
httptcowrfuqu8l,1
httptcows1epsxeup,1
httptcowtluxo2,1
httptcowto1o5bu,1
httptcowtrji2eo,1
httptcowttinhbveh,1
httptcowus8f23d,1
httptcowvgi9oxoiu,1
httptcowvjsgtik4x,1
httptcowvsisrhccf,1
httptcoww6zubvhhz,1
httptcowwoj3hof,1
httptcowxdptj2dwt,1
httptcowxnbityz8r,1
httptcowzlpl71oo1,1
httptcowzqixrdqcu,1
httptcox1asvkqra9,1
httptcox1b6x5nr1b,1
httptcox2cmhwt,1
httptcox6slt8ikx9,1
httptcox8vqtxkxke,1
httptcoxdk138w,1
httptcoxdrdbuilcl,1
httptcoxeofvo5v,1
httptcoxeudlduy,1
httptcoxg1bjy59qf,1
httptcoxgc2x8zqzq,1
httptcoxgsaqp0sjx,1
httptcoxhhlxjxjer,2
httptcoxhyzwiz,1
httptcoxjn7h3ruul,1
httptcoxk9gqu6zse,1
httptcoxkm4es2xar,1
httptcoxkmquwwd,1
httptcoxlfletdyjk,1
httptcoxlg8vu6yuf,1
httptcoxlqvdfkcfd,1
httptcoxohavrn8kn,1
httptcoxpfw3ramqn,1
httptcoxrwmacudwp,1
httptcoxsyjtfoxeh,1
httptcoxtbtm8f,1
httptcoxtvgrbvpeu,1
httptcoxtwkcwr4x9,1
httptcoxukydjl46s,1
httptcoxvy7zr0pvz,1
httptcoxw5y6m5mkw,1
httptcoxwosdvqgz7,1
httptcoxxavubwy8a,1
httptcoy06lwfr,1
httptcoy1qztver3q,1
httptcoy4k8ax2pap,1
httptcoy7obykqclo,1
httptcoy7uspnjy8m,1
httptcoybvhlsieuk,1
httptcoyccmbgunih,1
httptcoydhpaaszbu,1
httptcoyfczgjt46c,1
httptcoyfdmtamqrp,1
httptcoyfe1nfs1pa,1
httptcoyfjoyml9qz,1
httptcoyg5ngdoopk,1
httptcoygclrzfcnp,1
httptcoyioyrtomyi,1
httptcoyjzyvyjm,1
httptcoykxdsx3ufw,1
httptcoyl469bgcrt,1
httptcoynrxrrpiuj,1
httptcoyqkl7ujkzl,1
httptcoysbaisaens,1
httptcoysc4yrln,1
httptcoyuyocuxr,1
httptcoyxkhxwg6vk,1
httptcoyxzxnrpqky,1
httptcoyy1jfuihpg,1
httptcoyyeuxnuy1o,1
httptcoz22oxs7e8a,1
httptcoz459avympf,1
httptcoz47grzuf87‚Äù,1
httptcoz4xmfpj4h1,1
httptcoz7fmbq0ree,1
httptcoz7vvynnznn,1
httptcozafrl4hur4,1
httptcozcbmuficav,1
httptcozddjtc7u3v,1
httptcozfj5seagk3,1
httptcozg92msfzux,1
httptcozh0uxivzrf,1
httptcozhqpszzhhu,1
httptcozhv4xzgg0z,1
httptcozkbbhla45c,1
httptcozknq9rv8bs,1
httptcozkuaodpogn,1
httptcozl5yjq8rp6,1
httptcozleaefceag,1
httptcozlramktrqb,1
httptcozn15yzphqq,1
httptcozn4hgqvtf1,1
httptcoznj0sueu,1
httptcozo4l4e7d9e,1
httptcozoumbcye,1
httptcozozo5nz8lk,1
httptcozpdtrtf3ni,1
httptcozprvl2g0pi,1
httptcozqbpy7zxqk,1
httptcozr233fwmk2,1
httptcozrcpfntgwl,1
httptcozsaa08eqps,1
httptcozsah8tp7uz,1
httptcozth1fsgtfe,1
httptcozueawr1g,1
httptcozw9mva8dge,1
httptcozws1cba,1
httptcozxljrqtgm9,1
httptcozxydqkpq7q,1
httptcozyi7nytygt,1
httptcozzcnk6tvrg,1
httptwitvidcompobqv,1
huddle,1
hug,4
huge,8
hugging,2
hugs,1
human,1
hung,1
hunger,2
hungergames,1
hunt,1
hunterhayes,3
hunters,3
hurts,2
hustlin,1
hustling,1
hyde,2
hyperventilate,1
hyperventilating,1
hysterical,1
hysterically,1
i,519
iammarthahunt,19
iammarthahunt‚Ä¶,1
iamnickcordero,1
iamstevent,2
ianmckellen,1
icantwaiticantwaiticantwait,1
ice,1
icing,1
id,9
idea,3
idieddead,1
idinamenzel,4
idol,1
idontreallyknowwhathashtaggingisordoes,1
idontwannaliveforever,1
if,55
iggy,1
iggyazalea,1
iheartawards,3
iheartradio,4
ii,1
iii,1
iknowplaces,1
ill,47
illuminated,1
im,178
image,2
imaginary,1
imaginedragons,2
imitation,1
imkristenbell,1
immediately,1
imogenheap,1
implied,1
important,16
impossible,1
impressed,2
impressive,2
impulsive,1
in,431
inability,1
inagarten,2
include,1
including,3
incredible,20
incredibly,2
individual,1
individuals,1
indoor,1
industry,1
indy,1
information,1
informative,1
ingrid,2
ingridmusic,1
injuries,2
ink,1
innit,1
innocence,1
insane,19
insanely,4
inside,1
inspiration,1
inspirational,1
inspired,2
inspiring,2
instagram,5
instant,2
instyle,1
integrity,1
intense,1
intent,1
interesting,7
international,2
internet,1
internetz,1
interrupted,1
interview,9
interviewed,1
interviews,2
into,13
intriguing,1
invent,1
invention,1
invisible‚Ä¶,1
invited,1
inviting,2
involved,1
in‚Ä¶,1
iphone,1
iris,1
irrational,2
is,252
isabel,1
isitweirdthatirewinditandlaughhysterically,1
island,3
isnt,3
isnt‚Ä¶,1
ispeaknow13,1
issue,1
it,208
itll,3
its,108
itsash99,1
itunes,23
itunesmusic,8
itv,1
it‚Äù,1
ive,33
iver,1
ivy,1
iwishthaticouldhavethismoment4life,1
i‚Äôm,1
j,2
jack,5
jackantonoff,9
jackie,1
jackson,1
jacksonville,1
jacobspiano,1
jaime,1
jaimeking,8
jaimekings,4
jakarta,3
jalape√±os,1
jam,3
james,3
jammies,1
janelhernandezz,1
japan,4
japanese,1
jar,1
jasonderulo,1
jasongay,1
jasonmraz,1
jaxheimer,1
jay,1
jaylenos,1
jaysean,1
jduboff,1
jealous,2
jeanie,1
jeezy,1
jencita,1
jencitas,1
jennifernettles,1
jenny,1
jersey,2
jessetyler,1
jessicaalba,3
jessie,1
jet,4
jim,1
jimmy,1
jimmyeatworld,2
jimmyfallon,3
jimmykimmel,1
jimmykimmellive,1
jingle,2
jizziemcguire,1
jkcorden,1
jlo,2
joan,1
job,3
jobs,1
jody,1
joeykingactress,1
joeylittleking,1
johan,1
john,6
johncusack,1
johngrande6,1
johnlegend,1
johnny,1
johnston,1
join,1
joining,4
jon,1
jorrdies,1
jose,1
joseph,1
josephkahn,4
josheells,1
journaling,2
journalists,1
journey,1
joy,4
joyful,1
joyfulness,1
joyous,1
joyously,1
jt,1
jtimberlake,6
judging,2
julia,1
july,2
jump,2
jumping,3
june,1
just,172
justice,3
justin,1
justinbieber,4
justsayingggg,1
k,1
kaleidoscope,1
kamilah,1
kamilahmarshall,3
kangaroo,1
kansas,2
kantay2020,1
kanye,2
kar,1
karlie,4
karliekloss,22
karlieklosss,2
kate,1
katiecouric,1
katieholmes212,1
katieshow,1
katycatswifty,1
katyperry,4
kc,1
keep,8
keeps,2
keithurban,3
kelly,2
kelseaballerini,2
kendalljenner,1
kendrick,3
kendricklamar,10
kennedy,1
kennedys,1
kenny,1
kentucky,2
kevin,2
key,2
kflem7,1
kicks,1
kid,1
kidnapped,1
kids,4
kiis,1
kiisjingleball,1
kill,2
killing,3
kim,1
kimari,1
kimmel,1
kind,2
kindhearted,1
kinds,1
kingdom,1
kingsofleon,1
kisses,2
kissing,3
kitchen,6
kitten,3
kittens,1
kittentoddler,1
kl,1
knew,12
knicks,2
knife,1
knitted,1
knitter,1
knocked,2
knockout,3
know,42
knowing,1
known,3
knows,4
knoxville,1
koalas,1
kobebryant,2
krauss,1
kris,1
kristofferson,1
krnfx,1
kylenewman,2
kylenewmans,1
ky‚ú®,1
l,1
la,20
label,2
labeling,1
labels,1
labrinthda1st,1
labrinths,1
lad,1
ladies,2
lads,1
lady,2
ladylike,1
lag,3
lagged,1
lake,1
lamars,1
land,1
landed,6
landon,1
lanterns,1
laryngitis,1
las,1
last,56
lasts,1
late,4
lately,1
later,4
lateshow,1
late‚Äù,1
latte,2
lattes,1
lauderdale,1
laugh,1
laughing,6
launch,1
laurie,1
law,3
lawandorder,1
lawyer,1
laying,2
layup,1
lead,1
leading,1
learned,2
learns,1
leave,3
leaving,4
leblanc,1
led,1
left,11
leg,1
legendary,2
lego,2
lena,2
lenadunham,5
lenadunhams,3
lena‚Ä¶,1
length,1
leno,2
lens,1
leonalewis,2
leotard,1
less,5
lesson,1
lesson‚Ä¶,1
let,11
letitgo,1
lets,13
letter,2
letterman,3
letters,1
letting,2
levain,1
level,6
lexington,3
library,1
lie,1
lies,1
life,48
lifeand,1
lifelove,1
lifes,1
lifetime,1
light,5
lightning,1
lights,6
like,117
likely,1
likewow,1
lily,2
lilyaldridge,20
lilyaldridges,2
lilymdonaldson,1
lilyrosecooperthanks,1
lilys,1
lincoln,4
line,4
lint,2
lip,1
lips,2
lipstick,1
lisakudrow,2
list,3
listen,2
listened,4
listening,12
listens,1
lit,3
literally,2
lithographs,1
little,19
littlebigtown,3
littlelexi333,1
littlemix,1
live,18
livebynight,1
livept,1
lives,3
liveyourdreams,1
livin,1
living,6
liz,1
locating,1
lock,1
lockoir,2
locks,1
lol,3
loling,1
lolololol,1
lols,2
lolz,1
london,21
london‚Äù,1
lonely,1
long,14
longeralternate,1
look,38
looked,4
looking,8
looks,5
lorax,3
lorde,2
lordemusic,11
los,2
lose,1
losing,2
loss,3
lost,12
lot,6
lots,5
lotssss,1
lou,1
loud,23
louder,1
loudest,3
louis,5
louisawendorff,1
louisiana,3
louisville,3
lovable,1
love,161
loved,9
lovely,14
lovemelikeyoumeanit,1
lovers,2
loves,2
lovewins,1
loving,6
lovingly,1
loyal,1
lt3,2
luck,5
lucky,9
lucyhales,1
luggage,1
luh,1
lukebryan,1
lukebryanonline,2
luna,2
lunchmade,1
lurker,1
lying,1
lyric,3
lyrics,7
lyyssaaaa13,1
ma,5
maclaines,1
macmcanally,1
macys,1
mad,4
maddieandtae,1
made,43
madison,4
madness,3
madonna,1
madonnaandtaylor,2
madrid,2
magazine,3
magic,5
magical,18
magnificent,1
mahoudo,1
mail,3
major,1
make,19
makes,13
making,17
malaysia,1
male,1
mallauri,1
mama,1
man,2
manager,1
manchester,3
mandated,1
manila,2
mansion,1
many,13
many‚Ä¶,1
mar,1
marathon,1
mariotestino,1
mariska,7
mark,4
markromanek,2
markvillaver,2
markvillaver‚Ä¶,1
maroon5,1
married,1
mars,1
mart,2
martha,1
marthas,1
marveling,1
marvelous,1
mary,3
maryjblige,3
mascara,1
masecut,2
mask,1
massive,1
masterful,1
masterpiece,1
matching,3
material,1
mates,1
matracaberg,1
matt,1
mattbillingslea,1
matter,2
matthewbarzun,1
mattpro13,1
maudeapatow,1
maui,1
mauled,1
max,3
maxim,1
maximmag,1
maxmartin00,1
may,5
maybe,8
maze,1
mcdonalds,1
mcgraw,2
mcguire,1
me,188
mean,10
meandering,1
means,1
meant,1
meanwhile,1
media,2
medley,1
meeeeee,1
meerkats,1
meet,27
meeting,5
meetings,1
melanie,1
melanienyema,2
melbourne,5
melodic,1
melting,1
member,1
members,2
meme,1
memo,1
memorial,1
memories,14
memorizing,1
memory,3
memos,2
memphis,1
men,2
mention,1
mentioned,1
mentions,1
meow,3
merci,2
mercurygetoutofretrograde,1
mercy,1
meredith,16
merry,3
mertalasmarcus,1
message,1
met,12
metlife,2
meyer,1
miafarrow,1
miami,3
mic,2
michael,1
michael5sos,3
michaelson,2
mickjagger,5
midair,1
middle,3
midmic,1
midnight,11
midsummer,1
might,9
miguelunlimited,1
mike,1
milestone,1
milky,1
million,8
milwaukee,2
mind,7
minding,1
minds,1
mine,3
mini,1
minnesota,1
minus,1
minute,4
minutes,6
mirandalambert,4
mirandasings,1
mirror,2
misadventures,1
misleading,1
miss,14
missed,5
missing,6
misspoke,1
misunderstood,1
mix,1
mixed,1
mlkday,1
mmm,2
mn,2
modern,1
moines,1
mollyshafferr,1
mom,9
moment,15
momentous,1
moments,4
mon,1
monahan,1
monday,6
money,1
monogrammed,1
montage,1
month,5
months,2
montreal,2
moods,1
moody,1
more,30
morning,20
most,20
mother,3
mothers,2
motorcycle,1
mountainswemoved,1
move,1
moved,1
moves,2
movie,8
movies,1
moving,3
mtv,17
mtvcom,1
mtvema,1
much,59
muchmusic,1
multayply,1
murdered,1
murray,1
muscornernash,1
museum,2
music,32
musicand,1
musicians,1
must,2
mvp,2
my,394
myfangirllife,1
myjam‚Äù,1
myself,5
myselfwishiwasontour,1
mysterious,1
myswiftlifee,2
mythical,1
my‚Ä¶,1
n,2
nail,1
nailed,1
name,4
named,1
names,1
naps,1
nash,1
nashville,26
natalie,1
natandalex,1
national,3
nationalcatday,3
natural,1
naturerelated,1
natures,1
nbaallstars,1
nbc,1
nbcsvu,1
nbcthevoice,1
nc,1
necessary,1
necklace,1
need,11
needed,2
needs,1
needtobreathe,1
needtobreathes,1
nelly,2
nellymo,6
neontrees,1
nerf,1
never,52
neverbeforeseen,1
neverforget,1
neverforget911,1
new,78
newark,6
newest,1
newgirlonfox,2
newly,1
newromantics,1
news,5
newyork,1
new‚Ä¶,1
next,31
nice,11
nicest,1
nicholasgrimshaw,1
nickelodeontv,1
nicki,2
nickiminaj,5
nickjonas,3
nicoandvinz,1
night,103
nightline,2
nightly,1
nightmare,3
nights,11
nightüëè,1
nine,2
no,23
nod,1
nofilter,1
nominated,9
nomination,5
nominations,16
nominees,1
noms,2
nonchalant,1
none,1
nonstop,1
nope,1
north,3
northern,1
norton,2
norway,1
norwich,1
nose,2
not,50
note,6
nothing,8
nothings,1
noticed,3
now,96
nowhelp,2
no‚Ä¶,1
nrj,1
nrjhitmusiconly,2
nudes,1
number,6
nuts,1
nv,1
ny,4
nyc,13
nyknicks,1
nyre,3
nyu,1
nz,4
o,1
o2,6
observation,1
obsessed,6
obviously,2
obvs,1
occasion,1
occurred,1
ocean,2
oct,2
october,2
odd,1
odds,1
odeya,1
odeyarush1,3
odonoghue,1
of,367
off,41
offer,1
office,1
official,3
officialbbmas,1
officialflo,2
officiali,1
officially,5
officialnyre,2
officialtm103,1
of‚Ä¶,4
oh,29
ohhh,1
ohhhh,1
ohhhhhh,1
ok,5
okay,2
oklahoma,1
okmagazine,1
old,1
olivia,7
olympics,2
omaha,3
omg,3
omgzzzz,1
omigod,1
omimusiconline,1
on,294
once,3
one,75
onechancemovie,3
onerepublic,1
ones,4
onesies,1
onesies‚Ä¶,1
one‚Äù,1
only,16
onscreen,1
onstage,15
onstagethat,1
on‚Ä¶,2
oof,1
ooh,1
oooh,1
oooooh,1
ooooooh,1
ootwmusicvideo,4
open,6
opened,1
opening,6
opportunity,1
opposite,1
opry,1
option,2
or,20
orchestral,1
order,4
orders,1
orleans,1
oscar,3
oslo,1
other,17
others,1
otherwise,1
ottawa,1
oughta,1
our,57
ournameisfun,1
ours,7
ourselves,1
oursfriday,1
out,154
outdone,1
outfit,2
outfits,2
outing,1
outofthewoods,8
outrageous,1
outside,4
outsold,1
outstanding,1
outtakes,4
out‚Ä¶,1
over,23
overachievers,1
overjoyed,1
overload,1
overly,1
overnight,1
overwhelming,1
owe,1
own,9
owni,1
pa,1
paced,1
pacing,1
paddington,1
page,1
painful,1
paint,4
palladium,1
palm,1
panda,1
pane,1
pantry,1
pantsbun,1
paper,1
paradise,1
paralyzed,1
paramore,2
parentalphotobombs,1
parents,3
paris,5
parity,1
park,4
part,12
party,20
partysound,1
pass,4
passed,1
passing,1
passionately,1
passport,3
past,3
pat,1
patient,1
patricks,1
patrickstump,2
patrol,1
paul,6
pauls,1
paulsidoti,4
peace,2
peak,2
pearls,1
pediatric,1
peeps,1
pegacorn,1
pennsylvania,1
people,44
peoplecats,1
peoplemag,1
peoples,3
peoplethey,1
pepper,1
perezhilton,5
perfect,13
perfect‚Äù,1
perform,4
performance,15
performances,1
performers,3
performing,7
permanent,2
permasmile,1
permission,1
perri,1
person,8
persona,1
personally,1
person‚Äù,1
perth,4
petting,1
phase,2
phenomenal,1
philadelphia,2
philly,5
phoenix,3
phone,9
phones,1
photo,40
photographer,1
photographs,1
photos,8
photoshopping,1
photoz,1
photo‚Ä¶,1
physical,1
piano,5
pic,3
picked,1
picking,1
pickmeup,1
picks,1
picky,1
picnics,1
pics,7
picsvideos,1
picture,6
pictures,6
pie,1
pieces,1
pillow,1
pillows,1
pin,1
pink,1
pirate,2
pit,1
pitbull,1
pittsburgh,4
pi√±ata,1
place,1
places,3
plane,1
planes,1
planet,1
planning,1
plans,1
platinum,1
play,45
played,13
player,1
playing,28
playlist,1
please,11
pleasure,1
pledge,1
pleeeeease,1
plotting,1
plus,1
pm,5
poignant,1
point,3
points,1
polar,1
polaroid,4
polaroids,5
polish,1
poloroids,1
pontoon,1
pool,3
pop,12
popping,2
portland,2
portrait,3
pose,1
possession,1
possible,1
possibly,2
post,2
posted,2
poster,1
posters,1
posting,3
postpone,1
posts,1
posture,3
pouring,1
powerful,2
ppl,1
prank,1
prayer,1
prayerrrrr,1
prayers,2
prayfornorway,1
praying,2
pre,5
prebuy,1
precocious,1
predicted,1
premiere,14
premieres,5
premiering,2
preorder,1
preordered,1
prep,1
prepared,2
preparing,1
present,3
presenting,1
presents,4
preshow,4
press,1
pressure,1
prettiest,1
prettttty,1
pretty,16
prettyyyyy,1
pretzels,1
preview,5
previewing,2
primetime,1
principales,1
probably,3
problem,1
probly,1
proceeds,1
process,3
producer,2
profile,1
profiling,1
project,2
promise,2
promo,2
proof,2
proper,1
propose,1
protective‚Ä¶,1
proud,8
proudly,2
proudofyou,1
provided,1
provides,2
provoked,1
ps,20
ps22,1
psssh,1
pst,1
psyched,2
public,1
publicist,1
pug,1
pumped,1
pumpkin,2
punctuation,1
punkd,2
purpose,2
purrrfect,1
purse,1
put,9
putting,1
pyro,1
qampa,1
queen,3
queenmariska,1
quentin,1
question,2
questions,2
quick,3
quickly,1
quiet,1
quite,2
quote,1
quotes,1
quoting,2
r3habs,1
rabbit,2
rachelplatten,2
radio,23
radioactive,2
rage,1
raged,1
raid,1
rain,5
rainbow,3
raining,3
rains,1
rainy,2
raleigh,2
ran,3
random,1
randomly,1
rap,2
rapids,1
rare,2
rascalflatts,4
ravishing,1
ray,1
reached,1
reactions,1
read,6
reading,7
reads,1
ready,35
real,11
realization,1
realize,2
realized,4
realizing,1
realleblancm,1
really,31
realsway,1
real‚Äù,1
reappearance,1
reapply,1
reason,5
reasons,1
rebel,1
rebellious,1
receive,1
recipe,1
reciting,2
reckless,1
recommend,1
record,6
recording,1
records,2
recover,2
red,50
redbandsociety,1
redeye,1
redtour,20
redtourlondon,2
reel,1
reevecarney,3
refer,1
referenced,1
referring,1
reflect,1
reflecting,1
refusing,1
regal,1
regarding,1
regisandkelly,1
regularly,1
rehearsal,5
rehearsals,11
rehearsalsüá¨üáßüá¨üáßüá¨üáß,1
rehearsed,1
rejoiced,1
related,4
relaxation,1
relaxing,1
release,2
released,3
releasing,1
relieved,1
reliving,1
remember,14
remembered,1
remembering,3
remibakkar,1
remind,1
reminder,1
reminds,1
reminiscing,3
remix,2
remote,2
renta,2
repeat,3
replay,3
replaying,2
report,1
representation,1
representing,1
represents,2
republicrecords,1
request,1
requests,1
rest,4
restaurant,2
restraining,1
result,3
retton,1
retweet,1
retweeting,1
reveal,1
review,3
reviews,1
revisited,1
revival,1
revolution,1
reward,1
reynolds,1
rhnjhghdfvhjoiytdfbjjn,1
rhodesmusic,1
rhyming,1
ribbondancingismylife,1
richardwilkins,1
rickymartin,1
ride,1
riding,1
right,42
right‚Ä¶,1
riiicecakes,1
ringing,2
rio,3
rizzlekicks,1
road,5
robe,1
roberts,1
robin,1
robtswthrayguns,1
rock,4
rockin,1
rocking,2
roll,3
rollers,1
rolling,4
rollingstone,2
rollingstones,2
romantic,1
romantics,8
ronan,1
ronanfarrow,1
ronnie,1
ronson,1
rooftop,1
room,30
roommate,2
roosters,1
rory,1
rose,1
rosen,1
roses,1
rosie,1
rosy,1
rouge,2
roughly,2
round,3
row,3
royals,1
rt,3
rubbed,1
rucker,1
rude,1
rugby,1
ruined,1
rule,1
run,8
runner,1
running,3
runway,2
rush,1
russwest44,1
ryan,3
ryanadams1989,3
ryans,1
ryanseacrest,3
rzeznik,1
s,2
sacramento,2
sad,4
sadness,1
safe,10
safeampsound,1
safeandsound,1
said,7
sailboat,1
sales,1
salmon,1
salt,1
sam,1
same,7
samhuntmusic,1
samsmithworld,2
samuel,1
san,6
sand,2
sandwich,1
sang,14
santa,3
sarabareilles,3
sarabareilless,1
sarah,1
sarahhyland,2
sarahi,1
sarcastic,2
saskatoon,1
sass,1
sat,1
satin,1
satisfaction,1
saturday,4
saw,14
say,28
sayin,1
saying,8
saying‚Ä¶,1
says,6
sc,1
scamper,1
scandalousperfect,1
scared,1
scary,1
scene,1
scenery,1
scenes,5
schedule,2
school,6
schooled,1
schooling,1
scissor,1
scissors,2
score,1
scott,2
scottborchetta,1
scotteastwood,1
scottmyrick,3
scrabble,2
scream,1
screamed,1
screaming,14
screams,5
screeching,1
screen,1
screening,1
scribbling,1
script,1
se,1
sea,3
sean,2
seanopry55,2
seanopry55s,1
searching,2
seashell,1
season,3
seasonal,1
seat,1
seattle,2
secret,9
secretly,2
secrets,3
section,1
see,73
seeing,7
seem,1
seemingly,1
seems,4
seen,7
seeyouagain,2
selection,1
selena,2
selenagomez,18
selenagomezs,3
self,2
selfie,6
sell,1
selling,1
send,1
sending,9
senseless,1
sensitive,1
sent,6
sept,1
sept11memorial,2
september,2
sequence,1
serayahlove,11
serayahloves,1
serenawilliams,1
series,1
serious,3
seriously,9
service,1
session,3
sessionphoto,1
sessions,2
set,1
sets,1
seusss,1
seven,2
several,1
sexy,1
shake,18
shakeitoff,14
shaking,3
shall,2
shamelessly,1
shampoo,1
shanghai,4
shape,1
shaped,1
share,4
sharing,2
sharks,1
sharkweek,1
shawn,1
shawnmendes,1
shawnmendess,1
shayshay371,1
she,26
sheep,1
sheerans,2
shehasnorespect,1
shell,1
shells,1
shes,15
shiny,1
ships,1
shipsword,1
shirley,2
shirt,3
shirts,2
shoe,1
shoes,3
shondarhimes,2
shoot,9
shooting,1
shopping,1
shore,1
short,2
shortly,1
shot,3
shots,3
should,7
shoulder,1
shouldnt,2
shout,5
show,97
showcased,1
showed,11
shower,2
showing,3
showmen,1
shows,23
shrieked,1
shut,3
sick,8
sickness,1
side,3
sig,1
sigh,1
sign,2
signing,1
signs,1
siiiiick,1
silence,1
silent,2
silently,1
similar,1
simon,2
simone,1
simple,1
simply,2
sin,2
since,4
sing,23
singapore,4
singer,1
singers,2
singing,23
singingbeing,1
single,8
sings,1
sinking,1
sir,1
siriusxm,1
sirpatstew,1
sis,1
sister,2
sisterhood,3
sit,1
sites,1
sits,1
sitting,13
situation,10
six,2
skate,1
sketch,1
sketchy,1
skies,2
skills,3
skipping,1
skirt,2
skittles,1
sky,1
slay,1
slayed,1
slayz,3
sleep,5
sleeping,1
sleeve,1
slice,1
slicked,2
slide,1
slip,1
slot,1
sloth,1
slow,1
slur,1
smalltownmike,2
smashed,3
smell,1
smelly,1
smh,1
smile,1
smiled,1
smiling,9
snack,1
snacks,3
sneak,3
sneezing,1
sniffles,1
snl,1
snl40,1
snow,2
snowman,1
so,314
sobbing,1
soccer,1
sohttptcokixh8nflzf,1
soir√©e,1
sold,9
soldier,1
solo,2
soloing,1
solve,1
some,20
somehow,3
someone,7
someones,1
something,12
somethings,1
sometime,1
sometimes,3
somewhere,1
somewhere‚Äùgt,1
song,43
songartist,1
songs,25
songwriter,1
songwriting,3
sonoma,1
sons,1
soon,11
sooo,1
sooooo,1
soooooo,1
soooooon,3
sophia,1
sophisticated,1
sophomore,1
sorry,14
sort,2
sorts,1
sotaylor,1
souls,1
sound,17
soundchecküé§,1
sounds,4
soundtrack,5
source‚Ä¶,1
south,4
space,7
spain,1
sparklers,1
sparkles,1
sparkling,1
sparkly,3
sparks,3
spazzing,1
speak,6
speaking,1
special,7
speech,1
speechless,2
spell,1
spend,2
spending,1
spent,4
spice,1
spinning,2
spontaneous,1
sporty,1
spotlight,2
spots,1
spray,1
spreading,1
springsteen,2
spy,2
sq,1
squad,6
squadup,1
square,9
squeals,1
squirrels,1
st,10
stabler,1
stadium,26
stadiums,1
stage,14
stairs,1
stalkery,1
stampede,1
stand,2
standing,5
staples,8
staplescenter,5
star,2
starbucks,2
staring,3
starring,3
stars,1
start,13
started,6
starting,4
starts,4
state,6
states,1
status,1
stay,2
staying,1
steals,1
step,3
stephaniebe,1
stephen,1
steve,1
still,19
stocks,2
stoked,18
stolen,1
stone,4
stones50,1
stoops,1
stop,11
stops,1
store,5
stories,1
story,11
storyhttpstcocijwpeyndw,1
storytellers,1
straight,3
straitlaced,1
strand,1
stream,1
streaming,1
street,1
stressed,1
stressful,1
stretching,1
striped,1
strolling,1
strong,3
strongest,1
struggle,1
struggles,2
strut,1
stuck,6
studio,8
studiobirthdaynew,1
studying,1
stuff,6
stunning,2
stunts,2
stvincent,3
style,16
stylemusicvideo,1
such,20
sudden,1
suffocate,1
sugar,1
sugarbaby,1
suit,2
suitcase,1
summer,5
sun,1
sunbathing,1
sundance,1
sunday,3
sundays,1
sundress,1
sunny,2
sunset,5
sunshine,2
super,6
superbass,1
superfan,1
superman,1
support,3
supposed,4
sure,10
surprise,21
surprised,8
surprises,2
surprising,4
surreal,1
survive,1
suuuuper,1
swallowed,1
sway,1
sweat,1
sweater,2
sweaters,1
sweeran,1
sweet,7
sweeter,1
swift,15
swiftmas,1
swifts,3
switch,1
switches,1
switchfoot,1
swivels,1
swoon,1
sydney,8
sydneymayss,1
sydneysierota,1
symphony,1
systems,1
t,2
table,2
tackling,1
tacoma,3
taeoklee,2
tag,1
tagged,1
tail,1
tails,1
take,18
taken,1
takes,2
taking,10
tal,1
talent,3
talented,3
talk,10
talked,3
talkin,2
talking,7
talks,2
tampa,2
tantrums,1
tape,1
tapedelayed,1
taping,1
target,7
task,2
taste,1
taught,1
tavitulle,2
taylor,17
taylorandmadonna,1
taylorfollowers,1
taylorlurking,21
taylorswift13,9
taylorswift13s,1
taylorswiftcom,3
taylorswiftyahoo,2
taylorswiftyahoo1day,1
taylorswiftyahoo7days,1
taylorvstreadmill,1
taylurking,125
tbt,1
tcas,2
tea,2
teachers,3
team,6
teamwork,1
tears,2
tech,1
technically,2
tedder,2
teddysphotos,1
teen,8
teenchoiceawardscom,1
teganandsara,2
telephone,1
tell,11
tells,1
temple,1
ten,2
terrified,1
terrifying,1
terror,2
texas,2
text,2
texted,2
thai,1
thailand,1
than,5
thank,111
thanked,1
thankful,7
thanks,61
thanksgiving,2
thankyou,1
thanxgiving,1
that,173
thats,12
the,882
the1975,1
the1989worldtour,1
the7thleland,1
theaters,1
thebandperry,2
thecivilwars,4
thedarkness,1
theellenshow,15
theellenshows,1
thegiver,2
thegrammys,11
thehungergames,3
their,13
thejessicakorda,1
them,29
themed,1
them‚Ä¶,1
then,42
theo,2
there,36
thereadyset,1
therealmariskahargitays,1
therealsarahhyland,1
therealsarahhylands,3
therealtaraji,1
theres,5
theryanadams,5
these,35
thetimmcgraw,1
thetodayshow,1
thevampsband,2
theviewtv,2
theweeknd,1
thexfactor,1
thexfactorusa,1
they,30
theyd,1
theyll,2
theyre,7
theyve,1
thin,1
thing,17
things,13
thingsinevergettiredofseeing,1
think,16
thinking,13
thinks,1
thirsty,1
thirteenlegohouses,1
this,313
thisgetting,1
thisisfun,1
thissssssss,1
thnx,1
tho,2
thorns,1
those,9
though,4
thought,11
thoughtful,2
thoughts,5
thousands,1
thr,1
thrashes,1
three,3
threw,2
throne,1
through,9
thumbs,1
thus,1
ti,2
ticket,1
tickets,5
ticketsmeet,1
tide,1
tie,1
ties,1
tiger,1
tight,1
til,9
tim,2
timberlake,1
time,52
timeplace,1
times,16
timmilgram,1
tiny,4
tip,2
tissues,1
title,1
tlaserson,1
to,645
today,63
todayopened,1
toddyrockstar,1
together,7
tokyo,8
told,7
tomorrow,58
tomorrowüá∫üá∏,1
tompeterodell,1
tone,1
tonight,203
tonights,7
tons,1
tonynominations‚Äù,1
too,18
took,17
top,4
torikelly,1
tornado,1
tornadoes,1
toronto,8
toshi,1
toshiateamlv,2
total,1
totally,4
touch,2
tour,46
touring,1
tourmate,1
tournament,1
tourüî•,1
tovelo,2
tower,2
town,2
towns,1
toy,2
to‚Ä¶,1
tparty,2
trace,1
track,18
tracks,1
trade,1
traffic,2
tragedy,1
tragic,2
trailer,2
train,2
training,1
trap,1
traumatic,1
travel,1
traveled,1
treasure,1
treat,2
treats,1
tree,3
treepaine,1
trees,3
trend,1
trending,2
trial,1
trick,1
tricks,1
tried,3
trinity,2
trip,10
trips,1
trouble,19
troyesivan,2
true,8
truest,1
truly,2
trust,1
truth,1
try,7
trying,10
ts,1
ts1989,165
tshirt,1
tswiftandedsheeran,1
tuesday,2
tulsa,1
tumblr,7
tumblrthe,1
tune,3
tunes,1
turn,4
turned,6
turning,3
turns,4
turnt,1
tuscaloosa,1
tutu,1
tv,7
tvs,1
tweet,13
tweeted,1
tweeting,1
tweets,3
twice,1
twin,1
twirl,1
twitter,4
two,18
twooooo,1
tx,1
tyler,1
typically,1
u,1
ugly,1
uh,3
uk,10
ultimate,2
umyou,1
unbearable,1
unbelievable,7
unbelievably,3
unborn,1
unchanging,1
unconditional,1
uncontrollably,3
under,6
underrated,1
understand,5
understands,1
understood,1
undo,1
undoubtedly,1
unexpected,1
unforgettable,6
unicorn,2
unintentionally,1
unknown,1
unlike,1
unofficial,1
unreal,16
unthinkable,1
until,9
up,78
update,3
updates,1
uploaded,1
upmotown,1
upon,3
upthen,1
up‚Ä¶,1
us,40
use,5
used,5
uses,1
usherraymondiv,2
ushttptco4yg6gnogmg,1
using,2
usscreamed,1
usual,1
usually,2
utterly,1
uzo,1
uzoaduba,5
vain,2
valentines,3
valuable,1
vancejoy,1
vancouver,3
vanityfair,1
various,1
vegas,8
velvet,1
venice,1
verbalize,1
version,2
very,28
very‚Ä¶,1
vest,1
vevo,4
vh1,1
vibes,5
vibessss,1
vicinity,1
victims,1
victorias,3
victoriassecret,8
victories,1
victory,1
viddy,1
video,74
videos,4
videovideo,1
view,1
views,1
villain,1
vince,1
vine,2
vintage,1
viral,1
visit,2
visiting,1
visual,1
vma,10
vmas,16
vmashttptcoxhhlxjxjer,1
vmavmayynominations,1
vmazzzz,1
vocal,3
vogue,2
voguemagazine,4
voice,5
vote,19
voted,2
voters,1
voting,11
vow,1
vs,5
vsfashionshow,9
vsfs2014,1
w,4
wagon,1
waiheke,1
wait,34
waiting,3
wakes,1
waking,1
wal,2
walk,5
walked,5
walkfrolick,1
walking,5
walkofftheearth,1
walks,3
walkthemoonband,1
wall,1
walls,4
wander,1
wandered,1
wandering,1
wanegbt,1
wanna,4
want,42
wanted,9
wanting,2
wap,1
warm,2
warming,2
wars,2
was,172
washington,4
wasnt,3
watch,29
watched,5
watching,29
watching‚Ä¶,1
watchlisten,1
water,3
watercolor,1
way,23
ways,1
we,141
wear,6
wearemkto,1
wearing,8
weather,2
web,1
website,1
wed,1
wedding,1
wednesday,2
weeek,1
week,39
weekend,4
weeks,1
weird,3
welcome,5
welcometonewyork,8
welcoming,1
well,20
well‚Äù,1
welovewhales,1
welvin,1
wembley,2
wenner,2
went,25
were,81
west,1
westfield,1
weve,7
whaaaa,1
whale,3
whales,1
what,81
whatd,1
whatever,2
whats,3
when,66
where,15
whereismychill,1
wheres,1
which,7
while,14
whip,1
whirlwind,1
whisper,1
white,5
who,45
whoever,1
whole,15
whoopi,1
whos,2
why,9
whyyyyyyyyyyyy,1
wicked,1
wideeyed,1
wife,1
wild,4
wildest,8
wildestdreams,2
wildestdreamsmusicvideo,2
wildestdreamstoday,1
wildestdreamsvevo,1
wildly,1
will,40
williams,2
win,5
winding,1
window,3
windows,2
wings,1
winnipeg,1
wins,3
winter,1
wintery,2
wish,11
wished,1
wishes,3
wishing,1
wit,1
with,205
without,3
with‚Ä¶,1
wizkhalifa,2
woah,12
woahs,1
woke,5
woman,3
womanethelmovie,1
women,5
womens,2
won,8
wonder,4
wonderful,16
wonderfully,1
wondering,2
wonderland,4
wonderment,2
wonderstruck,4
wonderstruckness,1
wondrous,2
wondrous‚Ä¶,1
wont,3
woo,1
woodland,1
woods,13
woods‚Å∞written,1
word,4
words,7
wore,3
work,7
working,2
works,1
world,25
worldwide,2
worn,1
worse,4
worsebetter,1
worst,2
worth,5
would,16
wouldnt,4
wouldve,3
wow,4
wrap,3
wrapped,2
write,1
writer,2
writing,11
written,3
wrong,2
wrote,4
wwwamericanmusicawardscom,1
wwwvoguecom,1
x,7
xchadballx,1
xfactor,1
xfactorusa,1
xmas,2
ya,1
yas,1
yay,9
yayyyyy,1
yayyyyyyyy,2
yeah,5
yeahboy,1
year,45
yearfemale,1
years,11
yelyahwilliams,10
yes,37
yessss,1
yesssss,3
yesterday,2
yet,4
yettttttt,1
york,7
you,553
youcouldabeengettindown,1
youd,3
youll,9
young,3
your,89
youre,33
yours,4
yourself,2
yourselves,1
yous,1
youthful,1
youthis,1
youtube,4
youuuuuu,1
youve,9
youüíò,1
yrs,1
z,2
z100,1
z100newyork,1
zac,1
zanelowe,1
zealand,5
zendaya,7
zooeydeschanel,1
zzzs,1
‚Äòbecky‚Äô,1
‚Äòred‚Äô,1
‚Äúabiander,1
‚Äúarianagrande,1
‚Äúcarliestylezz,1
‚Äúchloegmoretz,1
‚Äúd8clarice,1
‚Äúedsheeran,3
‚Äúgrantmickelson,1
‚Äújessicaipockk,1
‚Äúkgrzywacz,1
‚Äúlaurenaquilina,1
‚Äúlilyaldridge,1
‚Äúmarkromanek,1
‚Äúportableshua,1
‚Äúsarahhyland,1
‚Äúskyferreira,1
‚Äúsouthernblonde,1
‚Äútaeoklee,1
‚Äútaylornation13,1
‚Äútenorbuds,1
‚Äútheellenshow,1
‚Äúuanthentmh,1
‚Äúzachbraff,1
‚Äúzedd,1
‚òÄÔ∏è,1
‚òÉüíï,1
‚ú®,2
‚ú®thanks,1
‚ú®‚ú®‚ú®,1
‚ù§,2
‚ù§her,1
‚ù§Ô∏è,8
‚ù§Ô∏è‚ù§Ô∏è‚ù§Ô∏è‚ù§Ô∏è‚ù§Ô∏è‚ù§Ô∏è‚ù§Ô∏è,1
‚≠ês,1
‚≠êÔ∏è,1
üá©üá™‚ù§Ô∏èüíã,1
üá´üá∑üá´üá∑üá´üá∑üíãüíãüíã,1
üá´üá∑üëçüòÑ,1
üá´üá∑üíó,1
üá¨üáß‚ù§üíãüëçüòÉ,1
üá¨üáßüá¨üáßüá¨üáßbrits,1
üá¨üáßüá¨üáßüá¨üáßüá¨üáßüá¨üáßüá¨üáßüá¨üáßüá¨üáßüá¨üáßüá¨üáßüá¨üáßüá¨üáßüá¨üáßüòÜ,1
üá¨üáßüíã,1
üá∫üá∏,3
üá∫üá∏üé∂üèÜs,1
üåüüåüüåüüåüüåü,1
üå†‚Äù,1
üå≤üå≤üå≤üå≤üå≤üå≤üå≤üå≤üå≤üå≤üå≤üå≤üå≤,2
üçæüçæüçæüçæüçæüçæüçæüçæüçæüçæüçæüçæüçæ,1
üéÖ,1
üéÖüéÑ‚ú®üé§,1
üéâ,2
üéâüéâüéâ,1
üéâüéâüéâüéâüéâüéâ,1
üéâüéâüéâüéâüéâüéâüéâ,1
üé§,1
üéß,1
üéπüå≤üå≤üå≤üå≤,1
üèÜ,1
üèÜüéâüéâüéâüéâüéâüéâüíïüíïüíïüíïüíïüíïüíïüíïüíïüíïüíïüíïüíï,1
üèÜüèÜüèÜüçæüçæüçæ,1
üê®,1
üê±,1
üê±‚õÑÔ∏è,1
üê±üíã,1
üëå,1
üëç,3
üëç‚úà,1
üëçüëçüëçüëçüòÉ,1
üëçüí™‚ú®,1
üëèüëèüëèüëèüëèüëè,1
üëë‚ú®üé§,1
üëØüíÉüëèüëèüëèüëèüëè,1
üíÉwith,1
üíã,2
üíãüá¨üáß,1
üíãüíãüíãüíãüíã,1
üíî‚ù§Ô∏è,1
üíïüíïüíï,1
üíó,3
üíóüíóüíóüíó,1
üíò,1
üíúüíú,1
üî•üî•üî•,1
üî•üî•üî•üî•üî•üî•üî•,1
üòÅ,1
üòÉ,1
üòÑ,1
üòç,1
üòê,1
üòò,1
üò∏,2
üò∫,1
üò∫catastropheüò∫,1
üò∫üì≤,1
